RecordID,Brand,ModelYear,Mileage_miles,Mileage_km,FuelType,Transmission,EngineSize,Horsepower,Doors,PreviousOwners,City,PriceWithTax,Price,FullName,Phone,ZodiacSign,FavoriteColor,Hobby
REC00001,Nissan,2021,146511.0,235786.0,Diesel,Automatic,,149.0,4,1,City_068,29690.77,24950.23,Person_1,3644025519.0,Scorpio,Pink,Cooking
REC00002,BMW,2008,132044.0,212503.0,Gasoline,Automatic,2.42,140.0,4,1,City_050,29547.21,24829.59,Person_2,3929389021.0,Cancer,Blue,Gardening
REC00003,Nissan,2020,37345.0,60102.0,Diesel,Automatic,1.38,102.0,4,3,City_043,25370.94,21320.12,Person_3,3650724943.0,Leo,Pink,Gardening
REC00004,Hyundai,2009,77322.0,124437.0,Diesel,Automatic,2.18,142.0,2,3,City_048,18768.07,15771.49,Person_4,3945553427.0,Scorpio,Purple,Reading
REC00005,Honda,2013,91101.0,146612.0,Hybrid,Automatic,2.74,178.0,5,1,City_068,30876.59,25946.71,Person_5,3409911516.0,Cancer,Pink,Music
REC00006,Volkswagen,2006,69613.0,112031.0,Gasoline,Manual,1.42,101.0,3,2,City_019,11550.86,9706.61,Person_6,3177485648.0,Leo,Yellow,Travel
REC00007,Chevrolet,2006,,153715.0,Electric,Manual,2.31,158.0,4,2,City_025,19905.17,16727.03,Person_7,3656849170.0,Leo,Purple,Travel
REC00008,Chevrolet,2008,112823.0,181571.0,Gasoline,Automatic,,177.0,4,1,City_072,21322.33,17917.92,Person_8,3652889787.0,Virgo,Red,Reading
REC00009,Kia,2024,120112.0,193302.0,Diesel,Automatic,1.25,63.0,4,1,City_018,23107.61,19418.16,Person_9,3583703705.0,Libra,Orange,Sports
REC00010,BMW,2024,147435.0,237273.0,Diesel,Automatic,1.9,112.0,4,1,City_051,38827.65,32628.28,Person_10,3282302926.0,Gemini,Purple,Hiking
REC00011,Mazda,2021,66822.0,107540.0,Gasoline,Automatic,2.21,138.0,5,2,City_018,31031.48,26076.87,Person_11,3132029848.0,Capricorn,Purple,Photography
REC00012,Honda,2024,25439.0,40939.0,Gasoline,Manual,1.44,99.0,4,3,City_058,23788.53,19990.36,Person_12,3480280206.0,Aquarius,Blue,Reading
REC00013,Chevrolet,2023,94329.0,151808.0,Hybrid,Manual,1.38,86.0,5,1,City_064,30534.14,25658.94,Person_13,3655286522.0,Gemini,Gray,Hiking
REC00014,Toyota,2007,155352.0,250015.0,Diesel,Automatic,1.91,138.0,4,2,City_071,12890.19,10832.1,Person_14,3905507027.0,Sagittarius,Pink,Cooking
REC00015,Volkswagen,2009,60921.0,98043.0,Gasoline,Automatic,2.56,,4,2,City_057,27778.49,23343.27,Person_15,3226934237.0,Aries,Orange,Reading
REC00016,Nissan,2014,107474.0,172962.0,Gasoline,Automatic,2.45,158.0,4,2,City_017,25548.65,21469.46,Person_16,3044539540.0,Capricorn,Red,Travel
REC00017,Hyundai,2010,107830.0,173535.0,Gasoline,Manual,1.4,98.0,4,1,City_059,18733.44,15742.38,Person_17,3184482478.0,Pisces,Red,Photography
REC00018,Kia,2007,87658.0,141071.0,Gasoline,Automatic,2.46,,2,2,City_067,23233.67,19524.1,Person_18,3147009954.0,Scorpio,Black,Gardening
REC00019,BMW,2021,80277.0,129193.0,Electric,Manual,1.41,70.0,4,3,City_015,39257.96,32989.88,Person_19,3905835691.0,Capricorn,Blue,Music
REC00020,Ford,2014,43063.0,69303.0,Diesel,Automatic,0.87,68.0,3,1,City_026,20462.11,17195.05,Person_20,3071242373.0,Gemini,Red,Music
REC00021,Chevrolet,2016,500.0,805.0,Electric,Automatic,1.74,131.0,4,1,City_048,31208.54,26225.66,Person_21,3891450995.0,Leo,Gray,Reading
REC00022,Kia,2005,35526.0,57173.0,Gasoline,Automatic,,164.0,4,3,City_014,23307.91,19586.48,Person_22,3210330468.0,Gemini,Orange,Music
REC00023,Toyota,2022,64388.0,103622.0,Diesel,Automatic,2.46,137.0,4,1,City_009,34608.08,29082.42,Person_23,3798080202.0,Capricorn,Yellow,Cooking
REC00024,Toyota,2023,123897.0,199392.0,Gasoline,Automatic,2.0,,4,3,City_007,25481.64,21413.14,Person_24,3372273046.0,Aries,Blue,Travel
REC00025,Mazda,2024,75875.0,122108.0,Diesel,Manual,1.71,,4,1,City_055,35232.26,29606.94,Person_25,3987402731.0,Capricorn,Black,Music
REC00026,BMW,2008,,95336.0,Gasoline,Automatic,1.73,101.0,4,1,City_012,21126.64,17753.48,Person_26,3222255398.0,Leo,White,Gaming
REC00027,Mazda,2019,44361.0,71391.0,Gasoline,Manual,2.08,166.0,2,1,City_017,32091.91,26967.99,Person_27,3528144840.0,Scorpio,Orange,Cooking
REC00028,BMW,2013,106272.0,171028.0,Diesel,Automatic,1.25,82.0,4,1,City_073,30484.84,25617.51,Person_28,3693150865.0,Leo,Purple,Cooking
REC00029,Chevrolet,2010,134334.0,216190.0,Gasoline,Automatic,1.76,99.0,4,1,City_008,15106.88,12694.86,Person_29,3647861485.0,Cancer,Purple,Cinema
REC00030,Honda,2016,122537.0,197204.0,Diesel,Automatic,1.85,120.0,2,2,City_042,20394.58,17138.3,Person_30,3653837027.0,Sagittarius,Red,Gardening
REC00031,Hyundai,2022,104246.0,167767.0,Diesel,Manual,1.05,92.0,4,1,City_076,25572.45,21489.45,Person_31,3979904254.0,Aries,Green,Reading
REC00032,,2019,20975.0,33757.0,Diesel,Manual,1.41,98.0,4,3,City_037,20453.85,17188.11,Person_32,3362908655.0,Leo,Green,Sports
REC00033,Nissan,2023,65933.0,106109.0,Electric,Manual,2.29,153.0,4,2,City_020,42832.03,35993.3,Person_33,3653906211.0,Aries,Purple,Cooking
REC00034,Honda,2013,157892.0,254102.0,Gasoline,Manual,2.01,117.0,4,1,City_001,19379.73,16285.49,Person_34,3826165403.0,Virgo,Blue,Music
REC00035,Toyota,2017,124878.0,200971.0,Gasoline,Manual,1.78,140.0,4,1,City_009,24753.02,20800.85,Person_35,3877340607.0,Capricorn,Gray,Photography
REC00036,Volkswagen,2020,18500.0,29773.0,Hybrid,Automatic,1.36,103.0,4,2,City_024,28234.85,23726.76,Person_36,3780193618.0,Sagittarius,Purple,Travel
REC00037,Hyundai,2017,77776.0,125169.0,Diesel,Automatic,3.1,206.0,4,1,City_034,34915.32,29340.6,Person_37,3212986205.0,Aquarius,Pink,Sports
REC00038,Chevrolet,2005,94524.0,152121.0,Gasoline,Automatic,1.41,103.0,4,1,City_036,14654.59,12314.78,Person_38,3395345337.0,Taurus,Red,Gardening
REC00039,Honda,2022,49514.0,79684.0,Hybrid,Manual,2.18,152.0,4,3,City_004,32620.24,27411.97,Person_39,3451889061.0,Cancer,Blue,Cooking
REC00040,Hyundai,2007,500.0,805.0,Gasoline,Manual,1.66,98.0,4,1,City_029,15525.92,13046.99,Person_40,3506966258.0,Scorpio,White,Travel
REC00041,Nissan,2021,83953.0,135109.0,Gasoline,Manual,2.03,124.0,4,1,City_016,32969.17,27705.18,Person_41,3025875662.0,Gemini,Blue,Gardening
REC00042,Hyundai,2009,48490.0,78036.0,Gasoline,Manual,2.32,168.0,4,2,City_008,24538.11,20620.26,Person_42,3387136939.0,Libra,Blue,Travel
REC00043,BMW,2010,48646.0,78288.0,Gasoline,Manual,1.04,101.0,4,2,City_039,27126.84,22795.67,Person_43,3887162621.0,Pisces,Black,Hiking
REC00044,Kia,2021,65813.0,105915.0,Gasoline,Manual,2.0,113.0,4,1,City_058,34683.25,29145.59,Person_44,3585226497.0,Libra,Purple,Music
REC00045,BMW,2021,74653.0,120142.0,Gasoline,Automatic,2.83,,4,3,City_012,43503.03,36557.17,Person_45,3392692296.0,Taurus,Yellow,Photography
REC00046,Honda,2005,79637.0,128163.0,Gasoline,Automatic,3.23,191.0,4,2,City_044,24906.4,20929.75,Person_46,3960665634.0,Pisces,White,Gaming
REC00047,Chevrolet,2011,44640.0,71842.0,Gasoline,Automatic,1.91,115.0,5,2,City_004,25568.87,21486.45,Person_47,3445762688.0,Capricorn,Green,Travel
REC00048,,2020,71192.0,114572.0,Gasoline,Automatic,2.03,136.0,4,1,City_025,33220.22,27916.15,Person_48,3820246957.0,Cancer,Yellow,Travel
REC00049,Mazda,2009,9703.0,15616.0,Diesel,Manual,3.55,232.0,5,4,City_070,26539.27,22301.91,Person_49,3102366907.0,Aries,Yellow,Cooking
REC00050,Mazda,2020,92442.0,148770.0,Gasoline,Automatic,2.79,180.0,2,1,City_067,34486.52,28980.27,Person_50,3871613758.0,Scorpio,Yellow,Reading
REC00051,Ford,2008,500.0,805.0,Gasoline,Manual,1.57,101.0,4,2,City_039,22674.93,19054.57,Person_51,3803115102.0,Capricorn,Red,Gardening
REC00052,Hyundai,2015,68420.0,110112.0,Gasoline,Manual,1.57,114.0,4,1,City_024,19981.97,16791.58,Person_52,3896317659.0,Capricorn,Yellow,Hiking
REC00053,,2018,116767.0,187919.0,Gasoline,Manual,2.67,161.0,2,2,City_006,27941.77,23480.48,Person_53,3165277996.0,Sagittarius,Yellow,Sports
REC00054,Mazda,2017,37626.0,60554.0,Gasoline,Manual,1.29,97.0,4,1,City_072,25178.6,21158.49,Person_54,3129201788.0,Aries,White,Gaming
REC00055,Toyota,2012,108657.0,174866.0,Gasoline,Automatic,2.76,193.0,4,1,City_033,24403.55,20507.19,Person_55,3837756088.0,Aquarius,Pink,Music
REC00056,Nissan,2024,126229.0,203146.0,Diesel,Automatic,2.23,112.0,4,3,City_048,31876.03,26786.58,Person_56,3235256868.0,Libra,Gray,Travel
REC00057,Mazda,2019,500.0,805.0,Diesel,Automatic,2.36,162.0,4,1,City_067,37251.39,31303.69,Person_57,3487435014.0,Aries,White,Reading
REC00058,Mazda,2022,73945.0,119003.0,Electric,Manual,1.82,97.0,4,1,City_002,34624.77,29096.45,Person_58,3956182125.0,Pisces,White,Cinema
REC00059,Toyota,2011,500.0,805.0,Gasoline,Automatic,1.56,124.0,4,2,City_038,24702.8,20758.66,Person_59,3246049167.0,Aries,Purple,Cooking
REC00060,Mazda,2023,75272.0,121138.0,Gasoline,Automatic,3.02,177.0,4,2,City_040,37152.79,31220.83,Person_60,3513692337.0,Sagittarius,Purple,Cooking
REC00061,Hyundai,2013,79713.0,128286.0,Gasoline,Automatic,1.83,102.0,4,1,City_056,19567.91,16443.62,Person_61,3763061389.0,Capricorn,Red,Gaming
REC00062,Toyota,2015,500.0,805.0,Diesel,Automatic,1.71,125.0,4,1,City_021,26492.84,22262.89,Person_62,3717173728.0,Capricorn,Orange,Gaming
REC00063,,2014,156994.0,252656.0,Gasoline,Automatic,1.94,132.0,4,4,City_035,18284.63,15365.24,Person_63,3590887045.0,Virgo,Red,Reading
REC00064,Chevrolet,2018,91441.0,147159.0,Gasoline,Automatic,2.14,122.0,3,2,City_075,29661.26,24925.43,Person_64,3182271420.0,Aries,Pink,Cinema
REC00065,BMW,2020,46039.0,74093.0,Gasoline,Automatic,1.28,,2,1,City_075,35459.98,29798.3,Person_65,3010326676.0,Libra,Yellow,Cinema
REC00066,Chevrolet,2012,138615.0,223079.0,Diesel,Manual,1.6,105.0,4,3,City_067,16714.24,14045.58,Person_66,3851384201.0,Gemini,Pink,Gaming
REC00067,Toyota,2005,8175.0,13157.0,Hybrid,Manual,1.57,88.0,4,2,City_060,19839.19,16671.59,Person_67,3082976031.0,Capricorn,Orange,Hiking
REC00068,Toyota,2016,30833.0,49621.0,Electric,Automatic,2.59,147.0,4,1,City_023,33990.67,28563.59,Person_68,3042137477.0,Cancer,Pink,Hiking
REC00069,Honda,2007,500.0,805.0,Gasoline,Automatic,1.38,98.0,4,1,City_065,19782.24,16623.73,Person_69,3203303169.0,Cancer,White,Gaming
REC00070,Kia,2006,152042.0,244687.0,Gasoline,Automatic,0.8,50.0,4,1,City_063,9038.01,7594.97,Person_70,3377291814.0,Scorpio,Pink,Photography
REC00071,Kia,2020,93294.0,150142.0,Hybrid,Automatic,,70.0,4,3,City_023,20523.09,17246.29,Person_71,3050753840.0,Aries,Yellow,Gaming
REC00072,,2008,106376.0,171195.0,Gasoline,Manual,0.97,96.0,5,1,City_042,17013.67,14297.2,Person_72,3498134298.0,Scorpio,Green,Reading
REC00073,BMW,2006,92040.0,148124.0,Gasoline,Automatic,2.95,180.0,4,1,City_064,38086.92,32005.82,Person_73,3123709239.0,Sagittarius,Green,Cinema
REC00074,Honda,2016,102951.0,165683.0,Diesel,Manual,2.01,,2,3,City_066,24123.41,20271.77,Person_74,3657613325.0,Aquarius,Orange,Sports
REC00075,Ford,2021,83123.0,133773.0,Diesel,Automatic,2.35,180.0,4,1,City_041,34213.77,28751.07,Person_75,3604885398.0,Libra,Blue,Cooking
REC00076,Volkswagen,2024,90837.0,146187.0,Electric,Manual,2.38,133.0,4,2,City_020,42675.15,35861.47,Person_76,3218309990.0,Aries,White,Gaming
REC00077,BMW,2014,84304.0,135674.0,Diesel,Automatic,2.04,150.0,4,1,City_009,37880.79,31832.59,Person_77,3009950069.0,Libra,Pink,Gardening
REC00078,Toyota,2024,55656.0,89570.0,Gasoline,Manual,1.95,143.0,4,2,City_057,27219.05,22873.15,Person_78,3623032697.0,Virgo,Pink,Travel
REC00079,Toyota,2012,78135.0,125746.0,Gasoline,Automatic,2.73,183.0,4,1,City_075,27866.04,23416.84,Person_79,3127916500.0,Leo,Orange,Photography
REC00080,BMW,2022,90944.0,146359.0,Hybrid,Automatic,2.1,155.0,4,1,City_017,41925.04,35231.13,Person_80,3004084584.0,Leo,Orange,Sports
REC00081,Hyundai,2022,84422.0,135864.0,Diesel,Manual,2.98,188.0,4,2,City_078,37825.65,31786.26,Person_81,3803542962.0,Aries,Red,Gaming
REC00082,,2022,20889.0,33618.0,Diesel,Automatic,2.43,145.0,4,2,City_018,35429.94,29773.06,Person_82,3932082653.0,Virgo,Purple,Gaming
REC00083,Toyota,2006,26201.0,42166.0,Electric,Automatic,1.57,123.0,4,2,City_063,22566.25,18963.23,Person_83,3204625176.0,Cancer,Red,Sports
REC00084,Volkswagen,2016,123314.0,198454.0,Diesel,Manual,1.65,128.0,4,2,City_072,19698.73,16553.56,Person_84,3922326580.0,Aries,Pink,Hiking
REC00085,Ford,2014,-5000.0,108985.0,Gasoline,Automatic,1.49,119.0,4,2,City_072,24272.84,20397.34,Person_85,3584974295.0,Pisces,Green,Gaming
REC00086,,2012,103389.0,166388.0,Diesel,Manual,2.85,178.0,4,2,City_026,30267.03,25434.48,Person_86,3488271882.0,Scorpio,Red,Cinema
REC00087,Nissan,2023,36315.0,58444.0,Diesel,Manual,1.72,104.0,4,2,City_072,29590.39,24865.88,Person_87,3280795830.0,Scorpio,Orange,Gardening
REC00088,Volkswagen,2014,21074.0,33915.0,Gasoline,Automatic,1.44,102.0,4,2,City_072,19221.16,16152.24,Person_88,3501996729.0,Pisces,Purple,Reading
REC00089,Nissan,2015,46256.0,74442.0,Gasoline,Automatic,,156.0,4,2,City_078,28104.43,23617.17,Person_89,3371099587.0,Aquarius,Blue,Gardening
REC00090,Mazda,2018,71097.0,114420.0,Diesel,Manual,1.93,142.0,4,2,City_013,28059.48,100.0,Person_90,3382587852.0,Cancer,Purple,Cinema
REC00091,Hyundai,2019,53394.0,85930.0,Gasoline,Manual,2.21,135.0,4,1,City_017,35346.43,29702.88,Person_91,3243765256.0,Libra,Black,Gardening
REC00092,Volkswagen,2014,131757.0,212042.0,Diesel,Automatic,3.32,207.0,4,1,City_026,26493.48,22263.43,Person_92,3580792347.0,Gemini,Purple,Hiking
REC00093,Kia,2008,87181.0,140304.0,Gasoline,Automatic,2.64,146.0,5,1,City_006,19976.07,16786.61,Person_93,3900053814.0,Scorpio,Gray,Reading
REC00094,Hyundai,2011,153958.0,247770.0,Electric,Manual,,146.0,4,3,City_004,16127.21,13552.27,Person_94,3726540973.0,Libra,Purple,Gardening
REC00095,Kia,2015,96176.0,154780.0,Gasoline,Automatic,1.01,64.0,4,2,City_007,21761.18,18286.71,Person_95,3228556239.0,Leo,Blue,Cooking
REC00096,Ford,2007,500.0,805.0,Gasoline,Manual,,123.0,4,2,City_017,20030.84,16832.64,Person_96,3320200318.0,Leo,Blue,Cinema
REC00097,Ford,2009,122242.0,196728.0,Gasoline,Manual,2.5,140.0,4,1,City_050,18803.8,15801.51,Person_97,3400841214.0,Sagittarius,Purple,Cinema
REC00098,,2006,19618.0,31572.0,Gasoline,Automatic,1.18,,2,1,City_006,12466.12,10475.73,Person_98,3221637109.0,Virgo,Green,Travel
REC00099,Hyundai,2016,89221.0,143587.0,Gasoline,Automatic,3.5,217.0,4,3,City_030,28550.3,23991.85,Person_99,3262419013.0,Virgo,Yellow,Music
REC00100,Ford,2009,49013.0,78878.0,Gasoline,Manual,2.01,119.0,4,3,City_074,19580.0,16453.78,Person_100,3158871322.0,Taurus,Purple,Photography
REC00101,BMW,2011,165708.0,266681.0,Diesel,Automatic,2.03,142.0,4,1,City_056,24964.56,20978.62,Person_101,3090319625.0,Aquarius,Blue,Music
REC00102,,2008,137584.0,221419.0,Gasoline,Manual,1.53,95.0,5,2,City_039,12386.92,10409.18,Person_102,3383192726.0,Leo,Blue,Photography
REC00103,Nissan,2015,50327.0,80994.0,Diesel,Automatic,2.35,160.0,4,1,City_014,35912.15,30178.28,Person_103,3547183252.0,Pisces,Pink,Gardening
REC00104,Honda,2013,74906.0,120549.0,Diesel,Manual,1.19,81.0,4,1,City_054,18517.01,15560.51,Person_104,3872137945.0,Cancer,Red,Cooking
REC00105,Kia,2008,89784.0,144493.0,Diesel,Automatic,3.52,188.0,4,2,City_022,21770.93,18294.9,Person_105,3699665836.0,Capricorn,Green,Cooking
REC00106,Nissan,2013,114537.0,184328.0,Gasoline,Manual,2.92,166.0,4,2,City_057,26558.65,22318.19,Person_106,3273540733.0,Gemini,Gray,Gaming
REC00107,Toyota,2016,81166.0,130624.0,Diesel,Automatic,2.69,161.0,4,2,City_041,25310.07,21268.96,Person_107,3553478146.0,Sagittarius,Yellow,Music
REC00108,Nissan,2020,39004.0,62771.0,Gasoline,Automatic,1.03,97.0,4,1,City_010,33303.57,27986.2,Person_108,3599717050.0,Aquarius,Black,Gardening
REC00109,Toyota,2005,51298.0,82555.0,Hybrid,Manual,2.14,151.0,4,1,City_002,23411.63,19673.64,Person_109,3526299178.0,Pisces,Green,Travel
REC00110,Honda,2012,79821.0,128459.0,Hybrid,Manual,2.85,201.0,4,1,City_067,28499.25,23948.95,Person_110,3472847970.0,Libra,Pink,Travel
REC00111,Mazda,2005,129378.0,208214.0,Gasoline,Automatic,,178.0,4,1,City_048,14904.91,12525.13,Person_111,3673053446.0,Cancer,Black,Sports
REC00112,Hyundai,2024,97114.0,156289.0,Gasoline,Manual,1.3,83.0,2,2,City_042,26695.56,22433.25,Person_112,3921097626.0,Sagittarius,Purple,Gaming
REC00113,Volkswagen,2023,49063.0,78960.0,Gasoline,Automatic,1.54,102.0,2,1,City_011,31471.22,26446.4,Person_113,3540347581.0,Sagittarius,Purple,Cooking
REC00114,Mazda,2008,105935.0,170485.0,Gasoline,Automatic,1.68,106.0,4,1,City_074,17121.58,14387.88,Person_114,3629780521.0,Pisces,Pink,Hiking
REC00115,Honda,2018,64521.0,103836.0,Diesel,Automatic,1.58,97.0,2,1,City_012,29785.75,25030.04,Person_115,3713808992.0,Libra,Blue,Cooking
REC00116,Nissan,2018,115616.0,186066.0,Diesel,Automatic,3.07,161.0,4,2,City_014,27261.53,22908.85,Person_116,3261672707.0,Leo,Green,Music
REC00117,Nissan,2013,181080.0,291420.0,Gasoline,Automatic,0.8,64.0,4,2,City_030,14083.9,11835.21,Person_117,3465244889.0,Sagittarius,Yellow,Hiking
REC00118,Kia,2013,65647.0,105648.0,Diesel,Automatic,2.46,136.0,4,2,City_060,26780.92,22504.97,Person_118,3570820541.0,Libra,Orange,Cooking
REC00119,Hyundai,2021,112064.0,180349.0,Electric,Automatic,1.1,80.0,2,1,City_077,29483.17,24775.78,Person_119,3087376519.0,Sagittarius,Red,Cooking
REC00120,,2019,50184.0,80764.0,Diesel,Automatic,1.33,125.0,4,1,City_030,25683.53,21582.79,Person_120,3863031123.0,Aquarius,Pink,Sports
REC00121,Ford,2014,75509.0,121520.0,Gasoline,Manual,0.8,56.0,5,1,City_038,18474.27,15524.6,Person_121,3811854480.0,Gemini,Black,Cooking
REC00122,,2021,81182.0,130650.0,Diesel,Automatic,1.62,112.0,4,1,City_075,26434.9,22214.2,Person_122,3817905156.0,Aquarius,Yellow,Music
REC00123,Mazda,2013,72253.0,116279.0,Gasoline,Automatic,,202.0,4,1,City_065,34014.24,28583.39,Person_123,3962725822.0,Sagittarius,Orange,Music
REC00124,BMW,2008,178521.0,287300.0,Hybrid,Manual,2.19,144.0,4,1,City_047,22001.81,18488.92,Person_124,3210434928.0,Aries,Pink,Cooking
REC00125,,2018,67736.0,109011.0,Gasoline,Manual,1.16,88.0,2,2,City_039,34620.31,29092.7,Person_125,3123725704.0,Leo,Green,Cinema
REC00126,BMW,2007,103474.0,166525.0,Gasoline,Automatic,2.71,,4,4,City_049,25928.28,21788.47,Person_126,3359208071.0,Taurus,Yellow,Sports
REC00127,Honda,2016,2797.0,4501.0,Diesel,Automatic,2.86,174.0,4,1,City_073,33556.14,28198.44,Person_127,3948513277.0,Aries,Red,Cinema
REC00128,Ford,2005,97280.0,156556.0,Gasoline,Manual,2.07,120.0,5,3,City_058,12159.46,10218.03,Person_128,3857765382.0,Gemini,Green,Music
REC00129,Chevrolet,2005,125682.0,202265.0,Diesel,Automatic,3.42,,4,1,City_017,26030.8,21874.62,Person_129,3884568100.0,Libra,Gray,Photography
REC00130,BMW,2017,58896.0,94784.0,Gasoline,Manual,2.58,136.0,4,2,City_006,35368.66,29721.56,Person_130,3029362147.0,Gemini,Black,Reading
REC00131,Mazda,2018,500.0,805.0,Diesel,Manual,2.48,171.0,4,2,City_015,33294.04,27978.19,Person_131,3870769462.0,Capricorn,Orange,Reading
REC00132,Chevrolet,2020,,126259.0,Gasoline,Automatic,,78.0,4,3,City_067,21535.61,18097.15,Person_132,3036016706.0,Capricorn,Red,Gardening
REC00133,Volkswagen,2011,80687.0,129853.0,Gasoline,Automatic,2.44,169.0,4,1,City_028,25130.03,21117.67,Person_133,3119185287.0,Aquarius,Red,Cinema
REC00134,Kia,2014,108963.0,175359.0,Diesel,Automatic,2.15,133.0,5,1,City_073,22170.57,18630.73,Person_134,3665131844.0,Sagittarius,Green,Music
REC00135,Ford,2019,160436.0,258196.0,Gasoline,Automatic,,132.0,5,1,City_044,21816.83,18333.47,Person_135,3445426180.0,Gemini,Pink,Travel
REC00136,Kia,2012,64798.0,104282.0,Gasoline,Automatic,1.52,112.0,5,1,City_018,18403.99,15465.53,Person_136,3826723088.0,Aquarius,Pink,Music
REC00137,Mazda,2015,45748.0,73625.0,Diesel,Manual,2.09,149.0,4,3,City_032,30753.35,25843.15,Person_137,3398572398.0,Virgo,Red,Travel
REC00138,Hyundai,2018,33323.0,53629.0,Diesel,Automatic,1.43,92.0,4,2,City_069,26814.95,22533.57,Person_138,3202859577.0,Taurus,Yellow,Photography
REC00139,Hyundai,2017,87923.0,141498.0,Gasoline,Manual,0.8,75.0,4,2,City_044,20475.55,17206.35,Person_139,3373644222.0,Scorpio,Orange,Cooking
REC00140,BMW,2017,99174.0,159605.0,Diesel,Manual,2.7,,3,2,City_070,36461.45,30639.87,Person_140,3630913178.0,Capricorn,Blue,Music
REC00141,Mazda,2013,58174.0,93621.0,Gasoline,Automatic,0.95,52.0,4,3,City_063,15242.43,12808.77,Person_141,3935548775.0,Leo,Yellow,Gardening
REC00142,,2021,111147.0,178874.0,Gasoline,Manual,2.08,154.0,2,1,City_076,30235.12,25407.67,Person_142,3727033830.0,Taurus,Purple,Cooking
REC00143,Honda,2022,98615.0,158706.0,Gasoline,Automatic,2.23,139.0,3,1,City_058,34431.56,28934.08,Person_143,3476074096.0,Libra,Purple,Reading
REC00144,Chevrolet,2023,81729.0,131530.0,Gasoline,Manual,2.23,115.0,4,3,City_047,30868.5,25939.92,Person_144,3532577739.0,Gemini,Black,Cinema
REC00145,BMW,2017,43903.0,70656.0,Electric,Manual,1.8,109.0,3,1,City_017,39942.4,33565.04,Person_145,3378441307.0,Leo,Purple,Music
REC00146,Chevrolet,2016,60725.0,97728.0,Gasoline,Manual,2.19,127.0,5,1,City_039,28968.81,24343.54,Person_146,3715320131.0,Aquarius,White,Sports
REC00147,Nissan,2024,500.0,805.0,Diesel,Automatic,2.33,146.0,4,1,City_059,32704.83,27483.05,Person_147,3138053363.0,Sagittarius,Blue,Music
REC00148,,2024,89431.0,143926.0,Hybrid,Manual,2.51,153.0,2,2,City_007,36477.04,30652.97,Person_148,3140863259.0,Aries,Pink,Photography
REC00149,Nissan,2012,81054.0,130443.0,Electric,Automatic,3.21,199.0,4,2,City_063,30279.36,25444.84,Person_149,3212652632.0,Taurus,Black,Hiking
REC00150,Hyundai,2015,87539.0,140880.0,Gasoline,Automatic,2.16,138.0,4,1,City_057,26164.67,21987.12,Person_150,3656249273.0,Leo,Blue,Gardening
REC00151,Toyota,2011,100173.0,161212.0,Hybrid,Manual,2.04,153.0,4,2,City_075,17413.37,14633.08,Person_151,3182972081.0,Cancer,White,Sports
REC00152,,2005,95433.0,153584.0,Electric,Automatic,1.37,101.0,5,2,City_034,16970.99,14261.33,Person_152,3622846179.0,Aries,Gray,Photography
REC00153,Hyundai,2014,75585.0,121641.0,Gasoline,Automatic,2.31,154.0,5,3,City_053,26098.1,21931.18,Person_153,3850346857.0,Libra,Black,Cooking
REC00154,Mazda,2019,81947.0,131880.0,Gasoline,Automatic,2.47,,5,2,City_066,36145.04,30373.98,Person_154,3019705410.0,Sagittarius,Blue,Cinema
REC00155,,2008,23827.0,38346.0,Gasoline,Manual,,117.0,4,2,City_078,14907.81,12527.57,Person_155,3584348793.0,Aries,Gray,Photography
REC00156,Kia,2005,56651.0,91171.0,Diesel,Manual,2.38,132.0,4,2,City_048,20238.67,17007.28,Person_156,3444027550.0,Scorpio,Gray,Reading
REC00157,Nissan,2015,,131996.0,Diesel,Manual,1.8,137.0,4,1,City_060,25952.63,21808.93,Person_157,3856247652.0,Sagittarius,Purple,Reading
REC00158,Nissan,2009,50566.0,81378.0,Gasoline,Automatic,2.47,158.0,4,1,City_043,23014.32,19339.77,Person_158,3326821131.0,Taurus,Gray,Travel
REC00159,Volkswagen,2023,114406.0,184118.0,Diesel,Automatic,,167.0,4,1,City_073,37853.27,31809.47,Person_159,3761246390.0,Aries,Blue,Cinema
REC00160,Ford,2023,53655.0,86349.0,Gasoline,Automatic,2.63,,4,1,City_004,37176.18,31240.49,Person_160,3647058916.0,Virgo,Purple,Reading
REC00161,,2008,88652.0,142672.0,Hybrid,Automatic,2.08,125.0,4,1,City_078,21021.75,17665.33,Person_161,3211954532.0,Libra,White,Music
REC00162,Ford,2006,,136251.0,Gasoline,Manual,1.27,103.0,4,1,City_075,10733.04,9019.36,Person_162,3856564739.0,Taurus,Yellow,Cooking
REC00163,Hyundai,2011,109851.0,176788.0,Diesel,Automatic,1.57,121.0,4,1,City_052,17137.26,14401.06,Person_163,3304467421.0,Leo,Yellow,Gaming
REC00164,Ford,2017,116032.0,186734.0,Gasoline,Automatic,2.42,165.0,4,1,City_032,31827.85,26746.1,Person_164,3052323045.0,Leo,White,Reading
REC00165,Mazda,2024,107761.0,173425.0,Gasoline,Automatic,3.71,236.0,5,1,City_051,47761.15,40135.42,Person_165,3255594281.0,Libra,Pink,Hiking
REC00166,Honda,2016,,805.0,Diesel,Manual,1.76,125.0,4,2,City_010,28218.31,23712.87,Person_166,3609264858.0,Pisces,Gray,Gaming
REC00167,Mazda,2006,127766.0,205619.0,Gasoline,Automatic,2.32,150.0,5,3,City_012,5830.71,4899.76,Person_167,3626774709.0,Aquarius,White,Gaming
REC00168,,2013,141092.0,227066.0,Gasoline,Automatic,1.61,106.0,4,2,City_039,26327.61,22124.04,Person_168,3885480725.0,Aries,White,Hiking
REC00169,Hyundai,2020,60715.0,97711.0,Hybrid,Manual,1.32,111.0,4,1,City_080,28767.43,24174.31,Person_169,3559042816.0,Capricorn,Red,Gaming
REC00170,Nissan,2012,89466.0,143981.0,Gasoline,Automatic,1.53,98.0,4,1,City_068,19028.24,15990.12,Person_170,3873258287.0,Scorpio,Black,Music
REC00171,Hyundai,2022,44367.0,71401.0,Hybrid,Automatic,0.8,70.0,4,1,City_010,28855.32,24248.16,Person_171,3770762794.0,Leo,Red,Photography
REC00172,Ford,2008,2065.0,3323.0,Gasoline,Automatic,2.95,170.0,4,1,City_073,26293.67,22095.52,Person_172,3631909221.0,Pisces,Pink,Reading
REC00173,Chevrolet,2015,50451.0,81193.0,Gasoline,Manual,0.8,54.0,4,2,City_010,21233.82,17843.54,Person_173,3288447379.0,Gemini,Gray,Sports
REC00174,Hyundai,2021,58394.0,93977.0,Gasoline,Manual,1.82,116.0,5,1,City_023,28009.92,23537.75,Person_174,3286070289.0,Sagittarius,Yellow,Reading
REC00175,Kia,2012,65806.0,105904.0,Electric,Manual,1.18,73.0,4,2,City_077,26776.76,22501.48,Person_175,3054963909.0,Aquarius,Blue,Gaming
REC00176,Hyundai,2023,41643.0,67018.0,Gasoline,Automatic,1.38,108.0,4,2,City_013,35674.49,29978.56,Person_176,3329836208.0,Gemini,Pink,Cooking
REC00177,Mazda,2012,50663.0,81534.0,Hybrid,Automatic,2.96,163.0,4,1,City_048,26192.82,22010.77,Person_177,3268659275.0,Libra,White,Hiking
REC00178,Chevrolet,2010,,128039.0,Electric,Automatic,2.14,139.0,4,2,City_044,23865.04,20054.66,Person_178,3720065424.0,Capricorn,Gray,Cooking
REC00179,Toyota,2006,49191.0,79165.0,Gasoline,Automatic,1.32,95.0,4,1,City_080,16377.32,13762.45,Person_179,3942337716.0,Pisces,Green,Sports
REC00180,Mazda,2019,101741.0,163736.0,Diesel,Manual,,80.0,4,1,City_064,21582.22,18136.32,Person_180,3056827029.0,Libra,Blue,Music
REC00181,Chevrolet,2005,107266.0,172628.0,Diesel,Automatic,1.46,94.0,4,2,City_040,8918.8,7494.79,Person_181,3041214545.0,Capricorn,White,Gaming
REC00182,Chevrolet,2010,175216.0,281981.0,Gasoline,Manual,1.97,132.0,2,4,City_006,15657.84,13157.85,Person_182,3833078281.0,Pisces,Gray,Hiking
REC00183,Hyundai,2023,125027.0,201211.0,Gasoline,Automatic,2.12,143.0,4,3,City_072,31736.09,26668.98,Person_183,3691612439.0,Scorpio,White,Travel
REC00184,Volkswagen,2008,89724.0,144397.0,Gasoline,Automatic,3.33,200.0,4,3,City_043,29125.71,24475.38,Person_184,3738443475.0,Capricorn,Pink,Travel
REC00185,Honda,2017,55189.0,88819.0,Diesel,Automatic,0.8,74.0,2,1,City_032,23306.76,19585.52,Person_185,3807614091.0,Scorpio,Black,Sports
REC00186,Volkswagen,2019,91750.0,147657.0,Diesel,Automatic,1.98,127.0,4,1,City_049,27159.12,22822.79,Person_186,3862092547.0,Cancer,Pink,Sports
REC00187,Chevrolet,2013,93064.0,149771.0,Gasoline,Manual,1.78,0.0,4,1,City_074,22342.88,18775.53,Person_187,3966252457.0,Aries,Black,Cinema
REC00188,Hyundai,2007,59467.0,95703.0,Gasoline,Automatic,2.66,170.0,2,1,City_019,22740.86,19109.97,Person_188,3633791869.0,Cancer,Blue,Sports
REC00189,Honda,2006,111349.0,179199.0,Electric,Automatic,2.25,158.0,3,1,City_052,23476.54,19728.19,Person_189,3155456900.0,Virgo,Red,Sports
REC00190,Nissan,2020,24076.0,38747.0,Gasoline,Automatic,2.41,143.0,3,2,City_052,33694.03,28314.31,Person_190,3727618457.0,Capricorn,Pink,Music
REC00191,Kia,2022,70224.0,113014.0,Diesel,Automatic,2.24,136.0,4,2,City_034,29874.79,25104.86,Person_191,3992800483.0,Aquarius,Gray,Cinema
REC00192,Ford,2022,102234.0,164530.0,Gasoline,Manual,1.35,84.0,4,3,City_059,25404.81,21348.58,Person_192,3558440378.0,Virgo,Purple,Travel
REC00193,Honda,2010,68497.0,110234.0,Hybrid,Manual,2.85,172.0,4,3,City_005,19187.82,16124.22,Person_193,3519821647.0,Virgo,Green,Travel
REC00194,Nissan,2022,71730.0,115438.0,Hybrid,Manual,2.56,182.0,3,1,City_066,35011.66,29421.56,Person_194,3888646660.0,Pisces,White,Hiking
REC00195,,2015,74489.0,119877.0,Gasoline,Manual,2.64,174.0,3,3,City_041,26988.0,22678.99,Person_195,3095183769.0,Libra,Gray,Cooking
REC00196,Kia,2011,46576.0,74957.0,Gasoline,Automatic,2.88,162.0,4,1,City_034,21144.1,17768.15,Person_196,3064895058.0,Pisces,Yellow,Photography
REC00197,BMW,2018,126956.0,204315.0,Gasoline,Manual,,137.0,4,1,City_054,39577.16,33258.12,Person_197,3968419319.0,Aquarius,Pink,Gaming
REC00198,Toyota,2022,39278.0,63212.0,Gasoline,Automatic,3.04,193.0,4,2,City_020,33072.6,27792.1,Person_198,3627178501.0,Aries,Blue,Hiking
REC00199,Kia,2011,92726.0,149228.0,Gasoline,Manual,2.26,131.0,4,1,City_054,24351.5,20463.44,Person_199,3584624279.0,Capricorn,Yellow,Hiking
REC00200,Toyota,2014,96546.0,155375.0,Diesel,Automatic,1.85,111.0,4,3,City_066,16124.78,13550.23,Person_200,3636424158.0,Aries,Red,Music
REC00201,BMW,2012,42055.0,67681.0,Gasoline,Automatic,2.0,150.0,4,2,City_018,32713.99,27490.75,Person_201,3851752670.0,Libra,Purple,Photography
REC00202,BMW,2018,82924.0,133453.0,Gasoline,Manual,1.98,120.0,2,3,City_044,36335.92,30534.39,Person_202,3466295988.0,Pisces,Yellow,Hiking
REC00203,Kia,2022,43615.0,70191.0,Diesel,Automatic,1.64,124.0,4,4,City_048,35241.57,29614.76,Person_203,3073506566.0,Cancer,Black,Reading
REC00204,Toyota,2009,135642.0,218294.0,Diesel,Automatic,3.14,212.0,4,2,City_035,23785.21,19987.57,Person_204,3349708041.0,Virgo,Red,Travel
REC00205,Volkswagen,2018,34449.0,55440.0,Gasoline,Manual,2.21,130.0,2,1,City_079,25704.26,21600.22,Person_205,3259640486.0,Virgo,Blue,Sports
REC00206,Ford,2014,,86653.0,Diesel,Automatic,2.07,120.0,4,1,City_039,28807.74,24208.19,Person_206,3510849101.0,Sagittarius,Yellow,Sports
REC00207,Volkswagen,2019,,49939.0,Diesel,Manual,2.27,141.0,4,1,City_003,32713.94,27490.71,Person_207,3668414363.0,Taurus,Blue,Gardening
REC00208,,2010,25692.0,41347.0,Diesel,Manual,4.09,228.0,4,1,City_019,34864.18,29297.63,Person_208,3400410153.0,Cancer,Red,Music
REC00209,Mazda,2013,143649.0,231179.0,Gasoline,Automatic,1.21,88.0,4,3,City_018,15467.57,12997.96,Person_209,3739198525.0,Cancer,Gray,Cinema
REC00210,Mazda,2014,101711.0,163688.0,Gasoline,Manual,1.41,94.0,4,1,City_005,13880.81,11664.55,Person_210,3505317756.0,Libra,Red,Gaming
REC00211,Nissan,2021,85612.0,137778.0,Hybrid,Automatic,1.03,82.0,4,4,City_055,21974.71,18466.14,Person_211,3465316787.0,Aries,White,Travel
REC00212,Mazda,2005,53737.0,86481.0,Hybrid,Manual,1.84,142.0,4,2,City_013,15112.05,12699.2,Person_212,3756267797.0,Leo,Blue,Reading
REC00213,Mazda,2018,116304.0,187173.0,Diesel,Manual,2.17,,4,1,City_034,32249.78,27100.66,Person_213,3001065272.0,Aquarius,Green,Hiking
REC00214,Ford,2008,47031.0,75689.0,Gasoline,Automatic,1.67,,2,1,City_018,21538.02,18099.17,Person_214,3767261535.0,Cancer,Black,Hiking
REC00215,BMW,2006,111746.0,179837.0,Diesel,Automatic,1.62,80.0,4,1,City_068,17025.74,14307.34,Person_215,3437201290.0,Taurus,Green,Music
REC00216,Nissan,2007,45100.0,72581.0,Hybrid,Automatic,2.1,142.0,4,1,City_072,24617.67,20687.12,Person_216,3125267853.0,Leo,White,Gaming
REC00217,BMW,2011,54220.0,87258.0,Gasoline,Manual,1.65,137.0,4,2,City_043,32054.63,26936.67,Person_217,3070294046.0,Sagittarius,Purple,Cooking
REC00218,Toyota,2018,110331.0,177561.0,Gasoline,Automatic,2.22,97.0,5,1,City_065,21816.04,18332.81,Person_218,3521785323.0,Scorpio,Gray,Reading
REC00219,Kia,2016,114553.0,184355.0,Diesel,Automatic,,183.0,4,2,City_041,28841.7,24236.72,Person_219,3623837187.0,Sagittarius,White,Gaming
REC00220,Nissan,2023,103899.0,167209.0,Hybrid,Automatic,2.47,154.0,4,1,City_038,38035.88,31962.92,Person_220,3599781484.0,Libra,Blue,Cooking
REC00221,Honda,2022,38013.0,61176.0,Gasoline,Automatic,2.62,151.0,5,2,City_038,32407.3,27233.03,Person_221,3048669557.0,Capricorn,Pink,Gaming
REC00222,Nissan,2019,,99990.0,Diesel,Automatic,2.76,184.0,4,3,City_013,36666.35,30812.06,Person_222,3192819292.0,Libra,Blue,Hiking
REC00223,Chevrolet,2005,86276.0,138847.0,Diesel,Manual,2.2,167.0,4,1,City_022,13951.22,11723.72,Person_223,3874009698.0,Taurus,White,Hiking
REC00224,BMW,2007,46029.0,74076.0,Diesel,Manual,1.89,136.0,4,1,City_029,27041.55,22723.99,Person_224,3854048959.0,Pisces,Pink,Photography
REC00225,Toyota,2019,134839.0,217001.0,Diesel,Manual,,95.0,4,2,City_009,19618.17,16485.85,Person_225,3152504652.0,Gemini,Pink,Gardening
REC00226,Mazda,2008,500.0,805.0,Diesel,Automatic,1.73,101.0,4,4,City_068,20669.44,17369.28,Person_226,3962751694.0,Aquarius,Blue,Gardening
REC00227,,2019,48850.0,78617.0,Gasoline,Manual,1.63,112.0,5,1,City_017,27824.93,23382.29,Person_227,3610447986.0,Capricorn,Pink,Music
REC00228,Hyundai,2014,59617.0,95945.0,Gasoline,Automatic,2.51,171.0,4,1,City_037,25988.85,21839.37,Person_228,3222178265.0,Scorpio,Orange,Cooking
REC00229,Honda,2010,500.0,805.0,Diesel,Manual,2.24,138.0,4,1,City_064,27372.03,23001.71,Person_229,3482008827.0,Aquarius,Purple,Hiking
REC00230,Volkswagen,2017,24151.0,38867.0,Gasoline,Automatic,2.49,152.0,4,1,City_067,34991.98,29405.02,Person_230,3833486803.0,Taurus,Orange,Gardening
REC00231,BMW,2011,105012.0,168999.0,Diesel,Manual,1.19,128.0,5,1,City_004,29921.44,25144.07,Person_231,3530614627.0,Libra,Gray,Photography
REC00232,Volkswagen,2005,81211.0,130697.0,Diesel,Automatic,3.0,201.0,5,1,City_040,21932.71,18430.85,Person_232,3097556357.0,Pisces,Orange,Cinema
REC00233,Toyota,2015,142925.0,230016.0,Gasoline,Manual,1.7,131.0,4,2,City_016,21425.51,18004.63,Person_233,3667737340.0,Virgo,Red,Hiking
REC00234,Volkswagen,2018,141809.0,228219.0,Diesel,Automatic,1.23,66.0,5,1,City_011,18572.13,15606.83,Person_234,3954440270.0,Pisces,Pink,Photography
REC00235,Toyota,2010,97322.0,156624.0,Gasoline,Automatic,1.69,102.0,4,1,City_026,23115.5,19424.79,Person_235,3255406275.0,Capricorn,White,Sports
REC00236,Toyota,2009,92530.0,148911.0,Gasoline,Automatic,3.74,227.0,5,1,City_072,32815.12,27575.73,Person_236,3923623685.0,Cancer,Red,Gaming
REC00237,Ford,2023,82637.0,132991.0,Gasoline,Manual,1.73,100.0,4,3,City_065,31565.5,26525.63,Person_237,3063244609.0,Aquarius,Red,Gardening
REC00238,Ford,2023,500.0,805.0,Hybrid,Manual,1.77,141.0,2,1,City_002,39574.59,33255.96,Person_238,3572393891.0,Cancer,Purple,Cinema
REC00239,Honda,2017,24218.0,38974.0,Gasoline,Automatic,,144.0,2,4,City_045,28018.3,23544.79,Person_239,3549748209.0,Gemini,Gray,Photography
REC00240,Toyota,2011,84027.0,135228.0,Diesel,Manual,1.9,116.0,3,2,City_043,15849.52,13318.92,Person_240,3876783502.0,Virgo,Blue,Cooking
REC00241,Honda,2012,104641.0,168403.0,Gasoline,Manual,1.45,127.0,4,1,City_003,22011.32,18496.91,Person_241,3946458955.0,Gemini,White,Reading
REC00242,Ford,2018,91587.0,147394.0,Gasoline,Automatic,2.1,135.0,4,1,City_034,29144.07,24490.81,Person_242,3605631783.0,Sagittarius,Black,Cinema
REC00243,Honda,2023,44301.0,71296.0,Gasoline,Manual,2.75,210.0,4,2,City_080,43647.65,36678.7,Person_243,3246318315.0,Cancer,Black,Travel
REC00244,Honda,2023,117496.0,189091.0,Diesel,Manual,2.22,144.0,5,2,City_065,34081.03,28639.52,Person_244,3773567144.0,Cancer,Gray,Sports
REC00245,Kia,2016,139298.0,224177.0,Gasoline,Automatic,1.22,96.0,4,2,City_064,20341.89,17094.02,Person_245,3777291782.0,Taurus,White,Hiking
REC00246,Kia,2013,117520.0,189129.0,Gasoline,Manual,1.76,138.0,4,2,City_007,15464.88,12995.7,Person_246,3824328725.0,Taurus,Orange,Hiking
REC00247,Toyota,2018,119584.0,192451.0,Diesel,Manual,1.61,128.0,4,2,City_035,23973.97,20146.19,Person_247,3246646855.0,Libra,Black,Sports
REC00248,Chevrolet,2010,57631.0,92748.0,Gasoline,Automatic,2.04,140.0,5,1,City_022,21158.96,17780.64,Person_248,3765962857.0,Leo,Orange,Hiking
REC00249,Volkswagen,2019,123037.0,198009.0,Gasoline,Manual,2.93,179.0,4,3,City_048,30704.29,25801.92,Person_249,3126003338.0,Gemini,Black,Reading
REC00250,Honda,2017,,138130.0,Gasoline,Automatic,1.9,132.0,5,2,City_032,24688.42,20746.57,Person_250,3715869569.0,Virgo,Gray,Gaming
REC00251,Chevrolet,2011,100462.0,161678.0,Gasoline,Manual,1.94,114.0,5,1,City_026,19411.17,16311.91,Person_251,3546998813.0,Virgo,White,Hiking
REC00252,Ford,2015,94617.0,152271.0,Diesel,Automatic,3.24,201.0,3,2,City_006,32252.12,27102.63,Person_252,3011964739.0,Aries,Orange,Sports
REC00253,BMW,2014,75141.0,120927.0,Gasoline,Automatic,2.61,147.0,2,2,City_046,34666.09,29131.17,Person_253,3030612404.0,Gemini,Blue,Hiking
REC00254,Volkswagen,2005,45600.0,73386.0,Gasoline,Automatic,2.4,125.0,4,1,City_055,19397.22,16300.18,Person_254,3705398676.0,Pisces,Purple,Cinema
REC00255,Mazda,2011,76715.0,123460.0,Hybrid,Manual,3.37,206.0,5,1,City_075,25472.42,21405.4,Person_255,3626347672.0,Leo,Green,Sports
REC00256,Volkswagen,2022,119470.0,192269.0,Hybrid,Manual,2.34,168.0,4,1,City_055,31069.74,26109.02,Person_256,3979550280.0,Aquarius,Pink,Cinema
REC00257,,2007,62341.0,100328.0,Hybrid,Automatic,,78.0,4,1,City_057,15067.72,12661.95,Person_257,3179784519.0,Aquarius,Gray,Reading
REC00258,,2013,115734.0,186255.0,Hybrid,Manual,2.58,161.0,4,1,City_063,21878.73,18385.49,Person_258,3787395972.0,Libra,Purple,Photography
REC00259,Toyota,2009,109483.0,176195.0,Diesel,Automatic,,95.0,4,1,City_001,17547.13,14745.49,Person_259,3954471661.0,Cancer,Green,Travel
REC00260,Honda,2017,68043.0,109504.0,Diesel,Automatic,2.32,139.0,4,1,City_021,32677.35,27459.96,Person_260,3835150811.0,Pisces,Orange,Travel
REC00261,Honda,2020,135552.0,218149.0,Diesel,Automatic,0.8,50.0,4,1,City_020,19882.87,16708.29,Person_261,3158008641.0,Scorpio,Gray,Sports
REC00262,Hyundai,2020,900000.0,105859.0,Diesel,Manual,1.67,79.0,4,3,City_073,34058.39,28620.49,Person_262,3396225876.0,Gemini,Blue,Reading
REC00263,Volkswagen,2016,140382.0,225922.0,Diesel,Manual,1.75,98.0,4,1,City_029,25450.43,21386.92,Person_263,3073413936.0,Virgo,Gray,Hiking
REC00264,Kia,2022,97365.0,156694.0,Gasoline,Automatic,1.46,113.0,5,1,City_043,26523.29,22288.48,Person_264,3614301665.0,Virgo,Orange,Gardening
REC00265,Kia,2015,79365.0,127726.0,Hybrid,Automatic,1.76,107.0,4,1,City_045,26373.04,22162.22,Person_265,3500549590.0,Sagittarius,Purple,Gardening
REC00266,Mazda,2021,44488.0,71596.0,Diesel,Automatic,2.72,,5,2,City_065,36484.02,30658.84,Person_266,3206316750.0,Cancer,Black,Sports
REC00267,Chevrolet,2011,76470.0,123066.0,Hybrid,Automatic,1.5,127.0,4,1,City_003,18371.58,15438.3,Person_267,3285352346.0,Libra,Yellow,Gaming
REC00268,Mazda,2019,71850.0,115630.0,Gasoline,Automatic,2.38,134.0,4,1,City_020,28303.79,23784.7,Person_268,3618146049.0,Capricorn,Gray,Gaming
REC00269,BMW,2010,,47746.0,Gasoline,Automatic,1.32,100.0,4,1,City_037,32618.64,27410.62,Person_269,3434494090.0,Aries,Gray,Sports
REC00270,BMW,2010,71295.0,114739.0,Gasoline,Manual,1.87,131.0,5,4,City_038,24696.36,20753.25,Person_270,3686513197.0,Aquarius,Red,Cinema
REC00271,Hyundai,2022,,77003.0,Gasoline,Automatic,2.23,130.0,5,2,City_074,33058.66,27780.38,Person_271,3979679357.0,Aries,Yellow,Gaming
REC00272,Toyota,2023,103440.0,166470.0,Gasoline,Automatic,1.3,112.0,4,1,City_045,26767.62,22493.8,Person_272,3265358356.0,Taurus,White,Gaming
REC00273,,2024,,212837.0,Gasoline,Manual,1.08,,4,1,City_042,24456.13,20551.37,Person_273,3362730665.0,Cancer,White,Gaming
REC00274,BMW,2023,30923.0,49766.0,Gasoline,Automatic,2.34,143.0,2,1,City_046,46688.19,39233.77,Person_274,3716507679.0,Pisces,Blue,Cooking
REC00275,Chevrolet,2006,148492.0,238975.0,Gasoline,Manual,,205.0,3,1,City_060,21173.27,17792.67,Person_275,3576118175.0,Virgo,Pink,Hiking
REC00276,Volkswagen,2007,74858.0,120472.0,Diesel,Automatic,1.94,135.0,5,2,City_013,9506.1,7988.32,Person_276,3734890438.0,Cancer,Red,Gardening
REC00277,Volkswagen,2018,40999.0,65982.0,Hybrid,Manual,1.68,126.0,4,1,City_031,29575.01,24852.95,Person_277,3315302549.0,Virgo,Yellow,Gaming
REC00278,Kia,2008,110310.0,177527.0,Gasoline,Manual,2.11,156.0,5,2,City_068,15764.4,13247.4,Person_278,3675505357.0,Taurus,Yellow,Music
REC00279,Toyota,2021,62142.0,100007.0,Diesel,Automatic,2.04,122.0,4,1,City_062,36428.85,30612.48,Person_279,3342287692.0,Sagittarius,Blue,Reading
REC00280,BMW,2010,76731.0,123486.0,Gasoline,Automatic,2.17,158.0,4,2,City_049,40027.68,33636.7,Person_280,3206588948.0,Aquarius,Orange,Sports
REC00281,Kia,2023,63829.0,102722.0,Gasoline,Automatic,0.8,56.0,2,1,City_018,26188.94,22007.51,Person_281,3720182165.0,Gemini,Blue,Gaming
REC00282,Nissan,2013,47330.0,76171.0,Diesel,Manual,1.25,81.0,4,1,City_075,15894.93,13357.08,Person_282,3385695521.0,Libra,Blue,Cinema
REC00283,Ford,2008,108960.0,175353.0,Diesel,Automatic,1.41,93.0,4,2,City_053,13315.85,11189.79,Person_283,3380438153.0,Aries,Blue,Reading
REC00284,Nissan,2011,68548.0,110317.0,Hybrid,Manual,2.11,126.0,4,1,City_018,22214.47,18667.62,Person_284,3074540096.0,Scorpio,Red,Travel
REC00285,Nissan,2008,22534.0,36265.0,Gasoline,Manual,,149.0,4,2,City_051,27764.9,23331.85,Person_285,3868970048.0,Cancer,Black,Travel
REC00286,Ford,2015,102042.0,164221.0,Hybrid,Manual,2.45,159.0,4,3,City_041,29676.38,24938.14,Person_286,3385415255.0,Aquarius,Yellow,Hiking
REC00287,Nissan,2006,31777.0,51140.0,Gasoline,Manual,2.18,133.0,4,1,City_067,22901.64,19245.08,Person_287,3440891202.0,Pisces,Blue,Music
REC00288,BMW,2014,33870.0,54508.0,Gasoline,Automatic,,90.0,4,3,City_065,27493.48,23103.77,Person_288,3077524446.0,Leo,Red,Hiking
REC00289,Volkswagen,2010,127704.0,205520.0,Gasoline,Automatic,3.01,182.0,2,1,City_006,26396.32,22181.78,Person_289,3090125354.0,Libra,Red,Cinema
REC00290,Kia,2012,32146.0,51734.0,Diesel,Manual,2.89,174.0,4,1,City_074,30897.67,25964.43,Person_290,3438769522.0,Gemini,Blue,Hiking
REC00291,Honda,2019,500.0,805.0,Gasoline,Automatic,1.12,82.0,4,2,City_037,27932.93,23473.05,Person_291,3025697420.0,Sagittarius,Red,Music
REC00292,Hyundai,2017,104914.0,168843.0,Gasoline,Manual,2.23,150.0,4,2,City_012,22229.82,18680.52,Person_292,3147434869.0,Sagittarius,Pink,Reading
REC00293,Kia,2006,67845.0,109186.0,Diesel,Automatic,1.58,113.0,4,1,City_002,19058.6,16015.63,Person_293,3788257283.0,Scorpio,Blue,Sports
REC00294,Chevrolet,2024,71294.0,114736.0,Gasoline,Automatic,2.1,130.0,4,2,City_053,34101.45,28656.68,Person_294,3906789363.0,Aries,Green,Gaming
REC00295,Toyota,2005,67420.0,108502.0,Gasoline,Manual,2.74,183.0,5,4,City_025,17165.46,14424.75,Person_295,3481244438.0,Pisces,Pink,Gaming
REC00296,BMW,2019,89267.0,143661.0,Gasoline,Automatic,3.49,209.0,2,1,City_028,45224.22,38003.54,Person_296,3584417605.0,Pisces,Black,Sports
REC00297,Kia,2011,49891.0,80292.0,Gasoline,Manual,2.53,149.0,2,3,City_045,20823.84,17499.02,Person_297,3734737825.0,Taurus,Orange,Hiking
REC00298,BMW,2022,139045.0,223770.0,Diesel,Automatic,2.21,119.0,4,2,City_037,38937.85,32720.88,Person_298,3384856616.0,Taurus,Purple,Travel
REC00299,Mazda,2014,20951.0,33717.0,Diesel,Manual,1.76,132.0,4,3,City_017,19112.54,16060.96,Person_299,3362403729.0,Gemini,White,Travel
REC00300,Ford,2019,97795.0,157385.0,Gasoline,Automatic,2.13,137.0,4,1,City_069,31973.64,26868.6,Person_300,3351601527.0,Taurus,Blue,Music
REC00301,,2009,,170083.0,Gasoline,Automatic,2.95,,4,2,City_056,19917.64,16737.52,Person_301,3207201251.0,Aries,Yellow,Reading
REC00302,Chevrolet,2015,49614.0,79846.0,Hybrid,Manual,1.97,144.0,2,1,City_058,21835.47,18349.13,Person_302,3622825049.0,Aquarius,Pink,Hiking
REC00303,Volkswagen,2012,39051.0,62846.0,Gasoline,Manual,1.38,89.0,4,3,City_004,23789.24,19990.96,Person_303,3968174560.0,Leo,Purple,Cinema
REC00304,Volkswagen,2012,120687.0,194226.0,Diesel,Automatic,0.87,50.0,4,2,City_055,9987.49,8392.85,Person_304,3081501951.0,Virgo,Green,Gaming
REC00305,Kia,2010,40366.0,64962.0,Gasoline,Manual,2.36,151.0,4,1,City_049,22978.63,19309.78,Person_305,3073696160.0,Libra,White,Cinema
REC00306,Nissan,2019,55733.0,89694.0,Gasoline,Manual,2.17,144.0,4,1,City_038,35468.38,29805.36,Person_306,3107015064.0,Capricorn,Orange,Cooking
REC00307,Ford,2019,115492.0,185866.0,Electric,Automatic,1.55,101.0,4,3,City_045,33955.03,28533.64,Person_307,3661983539.0,Libra,Orange,Photography
REC00308,Nissan,2009,81390.0,130984.0,Diesel,Automatic,2.72,192.0,5,2,City_030,19244.37,16171.74,Person_308,3012597904.0,Taurus,Orange,Music
REC00309,Nissan,2017,8114.0,13059.0,Gasoline,Manual,1.7,76.0,4,1,City_037,24996.74,21005.66,Person_309,3408671538.0,Libra,Orange,Music
REC00310,Chevrolet,2018,149882.0,241212.0,Gasoline,Manual,1.91,142.0,4,1,City_056,23118.21,19427.06,Person_310,3572499842.0,Taurus,Gray,Gardening
REC00311,BMW,2015,58800.0,94628.0,Gasoline,Automatic,1.99,141.0,5,3,City_027,36895.82,31004.89,Person_311,3491921206.0,Taurus,White,Reading
REC00312,Kia,2024,63890.0,102820.0,Gasoline,Manual,1.75,123.0,4,1,City_032,39105.39,32861.67,Person_312,3730788309.0,Pisces,Gray,Gardening
REC00313,Volkswagen,2016,90231.0,145213.0,Electric,Automatic,2.17,89.0,4,1,City_011,27684.84,23264.57,Person_313,3953199799.0,Virgo,Green,Gardening
REC00314,Toyota,2024,105003.0,168986.0,Hybrid,Automatic,2.81,194.0,5,3,City_058,40097.71,33695.56,Person_314,3235071094.0,Virgo,Pink,Music
REC00315,Nissan,2005,158444.0,254991.0,Gasoline,Automatic,,71.0,5,1,City_077,5372.88,4515.02,Person_315,3778388080.0,Scorpio,Green,Reading
REC00316,Mazda,2007,13597.0,21883.0,Gasoline,Manual,2.34,141.0,4,1,City_035,24036.85,20199.03,Person_316,3401832226.0,Leo,Yellow,Cinema
REC00317,Chevrolet,2012,113038.0,181917.0,Diesel,Manual,2.12,134.0,2,1,City_017,18283.03,15363.89,Person_317,3514593016.0,Leo,Gray,Gaming
REC00318,Hyundai,2016,109720.0,176577.0,Gasoline,Manual,2.11,142.0,4,3,City_030,23153.46,19456.69,Person_318,3491047235.0,Capricorn,Red,Photography
REC00319,Kia,2019,74513.0,119917.0,Diesel,Automatic,2.61,173.0,4,1,City_018,33550.51,28193.71,Person_319,3086750650.0,Aries,Blue,Cinema
REC00320,Mazda,2007,111491.0,179427.0,Diesel,Automatic,2.03,145.0,4,2,City_030,15291.93,12850.36,Person_320,3206721627.0,Cancer,White,Music
REC00321,Nissan,2012,117371.0,188890.0,Diesel,Manual,2.34,161.0,4,3,City_016,22059.1,18537.06,Person_321,3517365818.0,Aries,Red,Cooking
REC00322,BMW,2023,24721.0,39785.0,Diesel,Automatic,2.5,161.0,5,1,City_075,45696.61,38400.51,Person_322,3308417532.0,Capricorn,Pink,Hiking
REC00323,Chevrolet,2024,149991.0,241386.0,Diesel,Automatic,1.65,117.0,4,3,City_054,24015.7,20181.26,Person_323,3766044428.0,Leo,Orange,Music
REC00324,Honda,2010,17650.0,28404.0,Electric,Manual,2.21,125.0,4,1,City_004,31795.09,26718.56,Person_324,3578221373.0,Scorpio,Blue,Cooking
REC00325,Toyota,2022,34587.0,55663.0,Gasoline,Manual,1.82,109.0,2,2,City_015,35814.11,30095.89,Person_325,3786405469.0,Aries,Blue,Sports
REC00326,Chevrolet,2015,69528.0,111895.0,Hybrid,Manual,1.91,138.0,2,1,City_076,26492.47,22262.58,Person_326,3546087598.0,Gemini,Orange,Gaming
REC00327,Mazda,2016,156998.0,252663.0,Gasoline,Automatic,1.77,130.0,4,2,City_027,22636.2,19022.02,Person_327,3166944203.0,Aries,Orange,Sports
REC00328,Volkswagen,2006,67670.0,108904.0,Gasoline,Automatic,2.33,159.0,2,1,City_004,22577.33,18972.54,Person_328,3094376450.0,Virgo,Red,Music
REC00329,Toyota,2009,78723.0,126692.0,Gasoline,Automatic,2.06,125.0,4,1,City_035,22713.91,19087.32,Person_329,3573227540.0,Capricorn,Black,Cooking
REC00330,Honda,2008,137283.0,220935.0,Diesel,Manual,2.28,159.0,5,3,City_063,13053.36,10969.21,Person_330,3465628263.0,Aries,Blue,Cinema
REC00331,Hyundai,2013,67987.0,109415.0,Gasoline,Manual,1.99,112.0,4,1,City_066,21400.49,17983.6,Person_331,3765914944.0,Capricorn,Red,Music
REC00332,Kia,2017,32863.0,52887.0,Hybrid,Automatic,0.88,84.0,4,3,City_039,19669.71,16529.17,Person_332,3240423313.0,Pisces,Green,Hiking
REC00333,Nissan,2017,63311.0,101888.0,Diesel,Automatic,2.02,,4,1,City_028,34314.65,28835.84,Person_333,3737545996.0,Gemini,Green,Travel
REC00334,Ford,2019,134832.0,216990.0,Gasoline,Automatic,2.04,158.0,2,1,City_034,30103.14,25296.76,Person_334,3882211782.0,Leo,Gray,Gaming
REC00335,BMW,2006,,133309.0,Diesel,Automatic,,117.0,4,3,City_033,25144.92,21130.18,Person_335,3022514384.0,Leo,Pink,Gaming
REC00336,Mazda,2017,157226.0,253031.0,Hybrid,Automatic,1.58,134.0,4,1,City_050,24194.14,20331.21,Person_336,3758639468.0,Taurus,Gray,Hiking
REC00337,Chevrolet,2011,109517.0,176251.0,Diesel,Manual,1.16,79.0,4,3,City_060,9005.14,7567.35,Person_337,3461326943.0,Gemini,Red,Hiking
REC00338,Volkswagen,2021,54208.0,87239.0,Gasoline,Automatic,2.44,148.0,4,1,City_072,40822.28,34304.44,Person_338,3290424924.0,Sagittarius,Blue,Cooking
REC00339,BMW,2012,82043.0,132035.0,Hybrid,Automatic,1.81,122.0,5,1,City_072,33002.25,27732.98,Person_339,3101195308.0,Aries,Pink,Photography
REC00340,Volkswagen,2022,45871.0,73822.0,Diesel,Manual,2.12,126.0,4,2,City_042,35126.65,29518.19,Person_340,3297583165.0,Aries,Black,Gaming
REC00341,Chevrolet,2019,53263.0,85718.0,Gasoline,Automatic,1.8,118.0,4,1,City_028,24616.68,20686.29,Person_341,3735233565.0,Pisces,Pink,Gardening
REC00342,Mazda,2019,259163.0,417082.0,Gasoline,Manual,2.0,119.0,4,1,City_075,22990.87,19320.06,Person_342,3527479754.0,Taurus,White,Cinema
REC00343,Hyundai,2009,120745.0,194320.0,Gasoline,Automatic,1.69,102.0,4,2,City_027,13543.25,11380.88,Person_343,3579479309.0,Scorpio,Gray,Cinema
REC00344,Hyundai,2006,114444.0,184179.0,Hybrid,Automatic,1.32,100.0,4,1,City_001,8356.68,7022.42,Person_344,3865386932.0,Virgo,Gray,Cinema
REC00345,Honda,2020,55073.0,88631.0,Gasoline,Automatic,2.33,135.0,4,1,City_008,30262.08,25430.32,Person_345,3471854089.0,Cancer,Green,Sports
REC00346,Nissan,2009,142783.0,229787.0,Gasoline,Automatic,1.58,95.0,3,3,City_046,7712.69,6481.25,Person_346,3403188167.0,Libra,Orange,Music
REC00347,Kia,2010,123977.0,199521.0,Hybrid,Manual,2.11,116.0,4,3,City_024,12081.12,10152.2,Person_347,3342822405.0,Virgo,Pink,Cooking
REC00348,Ford,2016,155265.0,249874.0,Gasoline,Automatic,2.29,138.0,4,1,City_040,24738.71,20788.83,Person_348,3453834706.0,Sagittarius,Blue,Reading
REC00349,Kia,2009,153325.0,246751.0,Hybrid,Manual,1.59,,4,2,City_051,12800.18,10756.46,Person_349,3962725238.0,Virgo,Pink,Gaming
REC00350,Honda,2024,-5000.0,33533.0,Gasoline,Automatic,1.16,71.0,5,2,City_024,31574.71,26533.37,Person_350,3000632338.0,Taurus,Yellow,Cooking
REC00351,Hyundai,2012,35606.0,57303.0,Gasoline,Manual,3.7,212.0,5,2,City_022,37733.14,31708.52,Person_351,3889527819.0,Gemini,Orange,Cinema
REC00352,Volkswagen,2015,39848.0,64130.0,Gasoline,Automatic,1.63,113.0,4,1,City_074,25540.12,21462.28,Person_352,3301907316.0,Sagittarius,Black,Gardening
REC00353,Honda,2018,42242.0,67982.0,Hybrid,Manual,2.44,148.0,4,4,City_068,21808.71,18326.65,Person_353,3417409727.0,Libra,White,Reading
REC00354,,2021,92938.0,149569.0,Diesel,Manual,3.36,238.0,4,1,City_008,39502.42,33195.31,Person_354,3066382705.0,Virgo,Yellow,Music
REC00355,Mazda,2014,57328.0,92260.0,Electric,Manual,2.55,158.0,4,2,City_058,37118.07,31191.65,Person_355,3850440953.0,Leo,Black,Music
REC00356,Nissan,2006,162904.0,262168.0,Diesel,Automatic,1.79,,5,3,City_015,9379.18,7881.67,Person_356,3561835763.0,Gemini,Red,Travel
REC00357,Toyota,2007,900000.0,251358.0,Gasoline,Manual,,142.0,4,2,City_008,18232.33,15321.29,Person_357,3892743505.0,Cancer,Green,Gaming
REC00358,Nissan,2017,79742.0,128331.0,Gasoline,Manual,1.42,112.0,4,3,City_042,23750.21,19958.16,Person_358,3817526198.0,Aries,Yellow,Gaming
REC00359,Mazda,2021,158213.0,254619.0,Gasoline,Manual,2.62,,4,1,City_039,26080.7,21916.56,Person_359,3261491906.0,Leo,Red,Reading
REC00360,BMW,2007,139525.0,224544.0,Diesel,Manual,2.4,149.0,4,1,City_035,27440.56,23059.29,Person_360,3940849658.0,Libra,Green,Hiking
REC00361,Chevrolet,2014,61972.0,99734.0,Electric,Manual,1.64,141.0,4,3,City_041,29256.85,24585.59,Person_361,3754707077.0,Taurus,Yellow,Gaming
REC00362,Mazda,2012,500.0,805.0,Gasoline,Automatic,1.27,88.0,4,1,City_048,25932.81,21792.28,Person_362,3712125312.0,Aquarius,Pink,Reading
REC00363,Nissan,2008,71281.0,114716.0,Diesel,Manual,1.08,73.0,4,2,City_078,18190.3,15285.97,Person_363,3735972777.0,Pisces,Green,Cooking
REC00364,Hyundai,2017,54215.0,87251.0,Electric,Automatic,2.69,158.0,2,1,City_071,41125.01,34558.83,Person_364,3081588199.0,Scorpio,Green,Music
REC00365,Honda,2011,,142041.0,Gasoline,Manual,2.08,109.0,4,2,City_044,20861.58,17530.74,Person_365,3423908188.0,Pisces,Yellow,Hiking
REC00366,Honda,2011,83569.0,134491.0,Hybrid,Automatic,2.15,151.0,4,2,City_035,23976.09,20147.97,Person_366,3722434736.0,Capricorn,Pink,Cooking
REC00367,Honda,2020,82521.0,132804.0,Gasoline,Automatic,1.42,63.0,2,1,City_027,25183.75,21162.81,Person_367,3437887842.0,Virgo,Pink,Music
REC00368,Hyundai,2009,100947.0,162459.0,Diesel,Manual,0.98,,4,1,City_065,9147.0,7686.55,Person_368,3587560034.0,Capricorn,Red,Cooking
REC00369,Volkswagen,2021,,50693.0,Gasoline,Manual,2.67,164.0,4,2,City_070,36280.55,30487.86,Person_369,3154084381.0,Gemini,Orange,Gaming
REC00370,Chevrolet,2014,96454.0,155228.0,Gasoline,Manual,2.03,,5,1,City_066,27057.43,22737.34,Person_370,3422548770.0,Taurus,Gray,Cinema
REC00371,Mazda,2008,62415.0,100448.0,Gasoline,Manual,2.64,137.0,4,2,City_071,17350.26,14580.05,Person_371,3286744126.0,Scorpio,Red,Travel
REC00372,Nissan,2018,87999.0,141621.0,Electric,Automatic,1.73,,2,2,City_072,34731.58,29186.2,Person_372,3943262182.0,Cancer,Blue,Hiking
REC00373,Volkswagen,2009,118296.0,190379.0,Hybrid,Automatic,1.83,119.0,4,1,City_063,20373.85,17120.88,Person_373,3933289365.0,Libra,Gray,Sports
REC00374,Nissan,2006,31024.0,49928.0,Gasoline,Automatic,2.5,154.0,4,2,City_080,16847.86,14157.87,Person_374,3177256362.0,Libra,Black,Reading
REC00375,Honda,2018,68748.0,110639.0,Electric,Manual,2.51,150.0,5,1,City_029,41821.78,35144.35,Person_375,3911859739.0,Capricorn,White,Reading
REC00376,Nissan,2022,75259.0,121117.0,Diesel,Manual,2.56,159.0,2,1,City_031,34979.18,29394.27,Person_376,3229936273.0,Sagittarius,Blue,Reading
REC00377,Hyundai,2015,59429.0,95642.0,Hybrid,Manual,1.79,100.0,4,1,City_064,22550.09,18949.65,Person_377,3862144799.0,Capricorn,Gray,Cinema
REC00378,,2020,115993.0,186672.0,Gasoline,Automatic,2.43,159.0,5,2,City_053,42952.63,36094.64,Person_378,3603640388.0,Scorpio,Black,Cooking
REC00379,Nissan,2022,51184.0,82373.0,Gasoline,Automatic,2.78,138.0,4,3,City_074,33654.43,28281.03,Person_379,3099412917.0,Pisces,Green,Gaming
REC00380,Volkswagen,2020,57784.0,92994.0,Diesel,Manual,1.93,126.0,2,1,City_068,36980.97,31076.44,Person_380,3275437819.0,Scorpio,Purple,Hiking
REC00381,Mazda,2008,51603.0,83047.0,Gasoline,Automatic,1.64,101.0,4,1,City_025,15653.33,13154.06,Person_381,3273767585.0,Libra,Red,Cooking
REC00382,Chevrolet,2005,,199047.0,Gasoline,Manual,2.94,197.0,4,1,City_013,15173.67,12750.98,Person_382,3044741534.0,Capricorn,Black,Cinema
REC00383,Honda,2018,,97047.0,Gasoline,Automatic,,131.0,4,2,City_040,26164.38,21986.88,Person_383,3981420141.0,Leo,Green,Music
REC00384,Toyota,2016,98402.0,158362.0,Gasoline,Manual,2.44,149.0,4,1,City_072,30594.1,25709.33,Person_384,3961886048.0,Sagittarius,Blue,Music
REC00385,Mazda,2014,,255930.0,Gasoline,Automatic,1.96,149.0,4,2,City_007,17806.26,14963.24,Person_385,3192957059.0,Pisces,Green,Sports
REC00386,BMW,2023,77007.0,123931.0,Electric,Manual,0.8,59.0,5,1,City_032,38276.1,32164.79,Person_386,3884332941.0,Aquarius,Gray,Gardening
REC00387,Ford,2008,124482.0,200335.0,Gasoline,Automatic,2.79,159.0,2,3,City_024,18714.44,15726.42,Person_387,3396512526.0,Libra,Yellow,Photography
REC00388,,2024,146854.0,236338.0,Gasoline,Manual,0.8,90.0,4,2,City_001,20080.25,16874.16,Person_388,3668466363.0,Pisces,Blue,Sports
REC00389,Nissan,2007,121088.0,194871.0,Gasoline,Manual,0.8,72.0,4,3,City_047,8086.87,6795.69,Person_389,3778831379.0,Aquarius,Blue,Gaming
REC00390,Chevrolet,2008,79328.0,127666.0,Diesel,Manual,2.37,150.0,4,1,City_051,20364.36,17112.9,Person_390,3344867091.0,Gemini,Green,Photography
REC00391,Chevrolet,2019,105684.0,170082.0,Diesel,Automatic,2.37,161.0,4,2,City_036,31124.65,26155.16,Person_391,3357026480.0,Pisces,Blue,Reading
REC00392,Honda,2015,28505.0,45874.0,Diesel,Automatic,1.55,110.0,4,2,City_027,20547.88,17267.13,Person_392,3525200994.0,Virgo,White,Reading
REC00393,Toyota,2020,48798.0,78533.0,Gasoline,Manual,2.1,135.0,4,2,City_070,35150.55,29538.28,Person_393,3093223158.0,Gemini,Blue,Gardening
REC00394,Toyota,2008,55813.0,89822.0,Gasoline,Automatic,0.8,50.0,3,1,City_042,12506.77,10509.89,Person_394,3718693699.0,Virgo,Red,Travel
REC00395,Hyundai,2010,169624.0,272983.0,Diesel,Automatic,2.49,153.0,4,4,City_076,17478.07,14687.45,Person_395,3340855825.0,Scorpio,Orange,Sports
REC00396,Honda,2012,47497.0,76438.0,Hybrid,Manual,2.17,149.0,3,1,City_068,28911.5,24295.37,Person_396,3850344343.0,Sagittarius,Gray,Hiking
REC00397,Honda,2017,46901.0,75480.0,Diesel,Manual,1.97,126.0,4,1,City_070,25711.76,21606.52,Person_397,3050666906.0,Taurus,Yellow,Hiking
REC00398,,2024,38243.0,61546.0,Gasoline,Automatic,,144.0,4,1,City_013,49368.2,41485.88,Person_398,3096853792.0,Virgo,Blue,Reading
REC00399,Kia,2008,102392.0,164784.0,Gasoline,Automatic,2.35,155.0,4,2,City_025,14749.61,12394.63,Person_399,3034572412.0,Gemini,Yellow,Music
REC00400,BMW,2009,85705.0,137928.0,Gasoline,Manual,1.98,116.0,4,2,City_022,23234.15,19524.49,Person_400,3697986367.0,Libra,Blue,Gaming
REC00401,Nissan,2014,123470.0,198706.0,Diesel,Manual,0.8,50.0,4,1,City_021,21385.71,17971.18,Person_401,3960741528.0,Aquarius,Black,Cooking
REC00402,Ford,2009,106850.0,171959.0,Gasoline,Manual,3.54,212.0,4,1,City_015,30746.32,25837.24,Person_402,3514349713.0,Cancer,Purple,Hiking
REC00403,Honda,2016,24784.0,39887.0,Gasoline,Automatic,2.84,168.0,5,2,City_067,38590.37,32428.88,Person_403,3662347308.0,Leo,White,Music
REC00404,,2005,47709.0,76780.0,Gasoline,Manual,1.1,86.0,4,1,City_037,12067.12,10140.43,Person_404,3713946989.0,Capricorn,Blue,Cooking
REC00405,,2014,,216638.0,Gasoline,Automatic,1.76,106.0,2,3,City_045,17975.14,15105.16,Person_405,3473606163.0,Virgo,Yellow,Photography
REC00406,Ford,2009,,115660.0,Gasoline,Manual,,112.0,3,3,City_026,17966.47,15097.88,Person_406,3713066274.0,Aquarius,Orange,Cinema
REC00407,Toyota,2023,127504.0,205197.0,Gasoline,Manual,2.76,187.0,4,1,City_055,36236.24,30450.62,Person_407,3113107190.0,Scorpio,Purple,Cooking
REC00408,,2023,74013.0,119112.0,Diesel,Manual,0.8,66.0,5,1,City_050,25017.45,21023.07,Person_408,3492524933.0,Taurus,Purple,Gaming
REC00409,Ford,2024,41294.0,66456.0,Gasoline,Automatic,1.65,100.0,4,3,City_035,28375.15,23844.67,Person_409,3894977370.0,Cancer,Yellow,Hiking
REC00410,Chevrolet,2016,,109225.0,Gasoline,Manual,0.8,64.0,5,1,City_041,21408.64,17990.46,Person_410,3568634843.0,Aquarius,Red,Cinema
REC00411,Kia,2020,41278.0,66430.0,Gasoline,Automatic,1.8,140.0,4,1,City_072,29239.62,24571.11,Person_411,3965497864.0,Cancer,Purple,Gardening
REC00412,Hyundai,2009,57378.0,92341.0,Gasoline,Manual,1.67,116.0,4,1,City_011,16409.47,13789.47,Person_412,3168957619.0,Virgo,White,Cooking
REC00413,Honda,2021,88037.0,141682.0,Diesel,Automatic,2.06,142.0,4,1,City_008,33177.69,27880.41,Person_413,3740989458.0,Cancer,Orange,Cinema
REC00414,,2018,100464.0,161681.0,Gasoline,Manual,1.58,95.0,4,3,City_054,31299.57,26302.16,Person_414,3160589926.0,Aquarius,Black,Cinema
REC00415,,2016,16392.0,26381.0,Diesel,Automatic,,116.0,4,2,City_001,29074.44,24432.31,Person_415,3550829301.0,Leo,Orange,Reading
REC00416,BMW,2017,79305.0,127629.0,Diesel,Automatic,2.43,,5,4,City_020,35932.1,30195.04,Person_416,3816523860.0,Leo,Gray,Travel
REC00417,Toyota,2018,56535.0,90985.0,Hybrid,Manual,2.32,136.0,2,1,City_034,29400.66,24706.44,Person_417,3768183614.0,Scorpio,Orange,Cooking
REC00418,Honda,2009,,87006.0,Gasoline,Manual,2.39,134.0,4,1,City_057,24039.56,20201.31,Person_418,3537643358.0,Cancer,Pink,Travel
REC00419,Chevrolet,2009,,137289.0,Gasoline,Automatic,1.88,126.0,4,4,City_013,12710.35,10680.97,Person_419,3844605673.0,Pisces,Red,Hiking
REC00420,Chevrolet,2022,57982.0,93313.0,Diesel,Manual,1.6,121.0,4,3,City_054,27226.83,22879.69,Person_420,3659302022.0,Virgo,Green,Music
REC00421,Chevrolet,2018,,217720.0,Gasoline,Automatic,1.92,124.0,4,2,City_053,22367.94,18796.58,Person_421,3751665188.0,Libra,White,Music
REC00422,Nissan,2022,127522.0,205227.0,Gasoline,Manual,2.35,133.0,4,1,City_052,30930.18,25991.75,Person_422,3203271512.0,Scorpio,Yellow,Hiking
REC00423,Nissan,2024,127273.0,204826.0,Diesel,Automatic,0.8,62.0,4,2,City_006,29315.67,24635.02,Person_423,3409421403.0,Sagittarius,Orange,Cooking
REC00424,Honda,2005,,96888.0,Gasoline,Automatic,2.28,154.0,4,1,City_036,15238.39,12805.37,Person_424,3803297296.0,Capricorn,Gray,Photography
REC00425,Kia,2011,41500.0,66788.0,Gasoline,Manual,2.22,136.0,4,2,City_025,27312.42,22951.61,Person_425,3962738265.0,Scorpio,Red,Gaming
REC00426,Toyota,2021,83281.0,134028.0,Diesel,Automatic,2.04,142.0,4,2,City_058,32941.64,27682.05,Person_426,3702055771.0,Cancer,Black,Travel
REC00427,,2007,73986.0,119069.0,Electric,Automatic,1.9,142.0,4,2,City_055,28043.05,23565.59,Person_427,3973542352.0,Cancer,Yellow,Cooking
REC00428,Chevrolet,2014,55647.0,89555.0,Hybrid,Manual,0.8,68.0,5,2,City_003,27512.76,23119.97,Person_428,3603556656.0,Capricorn,Red,Sports
REC00429,Chevrolet,2011,32971.0,53061.0,Gasoline,Manual,1.69,113.0,4,2,City_028,25461.15,21395.92,Person_429,3132236880.0,Aquarius,Gray,Reading
REC00430,Nissan,2016,78339.0,126075.0,Gasoline,Automatic,3.25,211.0,4,1,City_068,37324.89,31365.46,Person_430,3599795680.0,Leo,White,Travel
REC00431,Kia,2019,63837.0,102736.0,Gasoline,Manual,,118.0,4,1,City_038,26053.93,21894.06,Person_431,3678250679.0,Gemini,Gray,Cooking
REC00432,BMW,2020,107534.0,173059.0,Gasoline,Automatic,1.78,104.0,4,2,City_034,32069.64,26949.28,Person_432,3029940001.0,Taurus,Green,Cinema
REC00433,Kia,2012,106604.0,171562.0,Diesel,Automatic,2.01,127.0,4,1,City_013,22767.06,19131.98,Person_433,3760038136.0,Taurus,Black,Photography
REC00434,Nissan,2010,124032.0,199610.0,Gasoline,Manual,2.25,,5,1,City_005,15072.07,12665.61,Person_434,3857033942.0,Sagittarius,White,Reading
REC00435,BMW,2008,29628.0,47682.0,Gasoline,Automatic,2.46,143.0,4,1,City_060,35032.39,29438.98,Person_435,3187734173.0,Scorpio,Yellow,Hiking
REC00436,Ford,2015,96042.0,154565.0,Electric,Manual,1.84,149.0,5,1,City_017,25187.86,21166.27,Person_436,3892492466.0,Virgo,Gray,Travel
REC00437,Honda,2021,50901.0,81918.0,Hybrid,Automatic,2.3,179.0,4,4,City_057,35397.39,29745.71,Person_437,3245531016.0,Sagittarius,Gray,Photography
REC00438,Ford,2006,31183.0,50185.0,Diesel,Manual,3.17,189.0,4,1,City_031,25052.32,21052.37,Person_438,3550710291.0,Leo,White,Music
REC00439,Honda,2010,,101157.0,Hybrid,Automatic,2.7,170.0,4,2,City_065,24951.74,20967.85,Person_439,3846900694.0,Pisces,Purple,Cinema
REC00440,Chevrolet,2008,122748.0,197544.0,Diesel,Automatic,3.64,217.0,3,2,City_066,22617.17,19006.02,Person_440,3214720942.0,Capricorn,Blue,Sports
REC00441,Ford,2007,65107.0,104780.0,Gasoline,Automatic,1.54,121.0,4,1,City_033,11606.21,9753.12,Person_441,3025816722.0,Aries,Purple,Reading
REC00442,Nissan,2011,,229521.0,Gasoline,Manual,3.17,214.0,3,3,City_004,27465.27,23080.06,Person_442,3684760044.0,Scorpio,Purple,Hiking
REC00443,Toyota,2011,101955.0,164080.0,Gasoline,Manual,1.45,73.0,4,1,City_055,20698.11,17393.37,Person_443,3673735747.0,Gemini,Blue,Hiking
REC00444,BMW,2020,64236.0,103378.0,Gasoline,Manual,,151.0,4,3,City_024,38794.79,32600.66,Person_444,3494650444.0,Sagittarius,Green,Cinema
REC00445,,2006,126402.0,203424.0,Hybrid,Manual,2.51,139.0,4,1,City_032,19069.16,16024.5,Person_445,3936599653.0,Aquarius,Green,Photography
REC00446,Mazda,2012,97816.0,157419.0,Gasoline,Manual,1.64,137.0,3,1,City_073,20330.73,17084.64,Person_446,3047262347.0,Aries,Red,Hiking
REC00447,Toyota,2019,42698.0,68715.0,Gasoline,Automatic,2.06,140.0,4,1,City_047,33042.58,27766.87,Person_447,3139715452.0,Gemini,Red,Reading
REC00448,Ford,2020,,248405.0,Gasoline,Automatic,2.64,153.0,5,1,City_016,32397.95,27225.17,Person_448,3794344008.0,Aries,Gray,Gaming
REC00449,BMW,2005,,145451.0,Gasoline,Manual,,99.0,5,3,City_021,21290.24,17890.96,Person_449,3190527694.0,Aries,White,Hiking
REC00450,Ford,2014,,129957.0,Hybrid,Manual,3.17,190.0,4,1,City_067,35273.07,29641.24,Person_450,3986171604.0,Virgo,Pink,Music
REC00451,Ford,2011,45779.0,73673.0,Diesel,Automatic,1.03,85.0,4,2,City_031,18832.7,15825.8,Person_451,3761542734.0,Cancer,Pink,Photography
REC00452,Hyundai,2020,127182.0,204678.0,Diesel,Automatic,3.36,,4,1,City_014,36877.72,30989.68,Person_452,3020118640.0,Capricorn,Red,Cooking
REC00453,Volkswagen,2014,100691.0,162046.0,Gasoline,Automatic,2.7,151.0,4,3,City_006,21984.36,18474.25,Person_453,3763225852.0,Cancer,Purple,Cinema
REC00454,Hyundai,2016,105170.0,169254.0,Diesel,Manual,1.94,154.0,4,2,City_069,23805.96,20005.01,Person_454,3401361028.0,Leo,White,Music
REC00455,Hyundai,2021,59699.0,96076.0,Diesel,Automatic,,139.0,4,1,City_029,34600.22,29075.81,Person_455,3465573060.0,Gemini,Yellow,Travel
REC00456,Kia,2017,,182441.0,Diesel,Automatic,1.65,97.0,4,1,City_055,19179.89,16117.56,Person_456,3763145240.0,Pisces,Green,Hiking
REC00457,Nissan,2016,116473.0,187444.0,Electric,Manual,1.9,126.0,4,2,City_037,32490.01,27302.53,Person_457,3527905239.0,Taurus,Pink,Sports
REC00458,Nissan,2019,53249.0,85696.0,Electric,Automatic,1.97,,3,1,City_059,37168.6,31234.12,Person_458,3617541220.0,Capricorn,Gray,Music
REC00459,Hyundai,2018,23320.0,37530.0,Electric,Automatic,2.88,197.0,4,1,City_036,40805.24,34290.11,Person_459,3924042996.0,Scorpio,Black,Gaming
REC00460,,2023,103255.0,166172.0,Diesel,Manual,3.38,201.0,4,2,City_076,35221.4,29597.82,Person_460,3437415454.0,Aquarius,Orange,Travel
REC00461,Kia,2023,17066.0,27465.0,Electric,Automatic,2.14,150.0,4,4,City_059,41587.93,34947.84,Person_461,3445050797.0,Libra,Yellow,Reading
REC00462,Ford,2018,86081.0,138533.0,Gasoline,Automatic,1.41,142.0,2,3,City_078,24438.28,20536.37,Person_462,3325671201.0,Capricorn,Yellow,Travel
REC00463,Volkswagen,2022,62110.0,99956.0,Hybrid,Automatic,1.62,,4,2,City_064,34694.64,29155.16,Person_463,3576234751.0,Cancer,White,Gaming
REC00464,Hyundai,2009,128747.0,207197.0,Hybrid,Automatic,1.87,113.0,4,2,City_043,11555.48,9710.49,Person_464,3709529512.0,Taurus,White,Gardening
REC00465,Volkswagen,2024,64286.0,103458.0,Hybrid,Manual,1.28,93.0,4,4,City_042,25344.01,21297.49,Person_465,3098629082.0,Pisces,Green,Cinema
REC00466,Honda,2010,124291.0,200026.0,Hybrid,Automatic,1.17,88.0,2,2,City_074,12931.76,10867.02,Person_466,3810728430.0,Sagittarius,Blue,Gardening
REC00467,Kia,2022,59432.0,95646.0,Gasoline,Automatic,3.47,203.0,4,1,City_060,39184.22,32927.92,Person_467,3124435523.0,Scorpio,Pink,Gardening
REC00468,Volkswagen,2018,120000.0,193120.0,Gasoline,Automatic,2.21,148.0,4,3,City_062,25556.3,21475.88,Person_468,3675843286.0,Cancer,Blue,Sports
REC00469,Ford,2008,162414.0,261379.0,Gasoline,Manual,1.42,79.0,4,1,City_064,12148.18,10208.56,Person_469,3235612793.0,Aquarius,Pink,Hiking
REC00470,Honda,2005,37278.0,59993.0,Diesel,Manual,2.57,,4,1,City_058,22618.8,19007.39,Person_470,3493982117.0,Leo,Orange,Sports
REC00471,Chevrolet,2017,,147547.0,Gasoline,Automatic,1.18,96.0,5,2,City_002,26270.86,22076.35,Person_471,3443152941.0,Capricorn,Gray,Travel
REC00472,Ford,2015,189951.0,305696.0,Gasoline,Automatic,1.23,61.0,2,1,City_078,11286.51,9484.46,Person_472,3111692356.0,Virgo,Purple,Cooking
REC00473,Mazda,2007,,133034.0,Diesel,Automatic,1.44,113.0,4,1,City_071,16704.92,14037.75,Person_473,3807748122.0,Cancer,Black,Travel
REC00474,Nissan,2021,,132725.0,Diesel,Manual,3.16,164.0,5,1,City_008,34652.73,29119.94,Person_474,3449001130.0,Taurus,Green,Cinema
REC00475,Toyota,2022,111540.0,179506.0,Electric,Manual,1.82,,5,2,City_056,34679.77,29142.66,Person_475,3722224884.0,Leo,Blue,Hiking
REC00476,BMW,2014,81643.0,131392.0,Diesel,Manual,0.8,57.0,4,4,City_036,24363.12,20473.21,Person_476,3929569229.0,Aquarius,Orange,Photography
REC00477,,2020,11711.0,18847.0,Diesel,Automatic,2.85,181.0,4,1,City_069,35958.82,30217.5,Person_477,3556608966.0,Aries,Blue,Cooking
REC00478,Chevrolet,2017,125291.0,201637.0,Diesel,Automatic,1.79,138.0,2,1,City_013,22755.92,19122.62,Person_478,3629849069.0,Libra,Orange,Hiking
REC00479,Nissan,2024,,805.0,Hybrid,Automatic,0.8,65.0,4,1,City_039,33145.88,27853.68,Person_479,3276203820.0,Sagittarius,Black,Photography
REC00480,Volkswagen,2016,,101917.0,Gasoline,Manual,1.78,114.0,3,2,City_006,24913.31,20935.56,Person_480,3290602769.0,Gemini,Pink,Gardening
REC00481,Kia,2008,128297.0,206474.0,Gasoline,Manual,2.36,159.0,4,2,City_019,17351.29,14580.92,Person_481,3502158623.0,Virgo,Yellow,Reading
REC00482,Ford,2012,65738.0,105795.0,Electric,Automatic,,132.0,3,1,City_025,32632.44,27422.22,Person_482,3336346872.0,Sagittarius,Orange,Hiking
REC00483,Nissan,2016,52252.0,84091.0,Diesel,Automatic,3.26,201.0,4,1,City_003,37532.18,31539.64,Person_483,3214550440.0,Aquarius,Purple,Photography
REC00484,Nissan,2023,115171.0,185349.0,Diesel,Automatic,1.4,79.0,4,2,City_053,24685.16,20743.83,Person_484,3743587818.0,Cancer,Orange,Gaming
REC00485,Hyundai,2019,45955.0,73958.0,Gasoline,Manual,2.03,133.0,5,2,City_028,27649.55,23234.91,Person_485,3014388243.0,Virgo,Black,Cooking
REC00486,BMW,2020,31111.0,50068.0,Gasoline,Automatic,1.51,101.0,4,1,City_026,35963.32,30221.28,Person_486,3352959964.0,Gemini,Blue,Sports
REC00487,Ford,2016,90981.0,146419.0,Diesel,Manual,0.92,59.0,4,1,City_047,19858.76,16688.04,Person_487,3438606777.0,Sagittarius,Purple,Hiking
REC00488,Nissan,2024,72683.0,116972.0,Gasoline,Automatic,2.62,167.0,4,1,City_008,34209.15,28747.19,Person_488,3784682474.0,Libra,Green,Cooking
REC00489,Hyundai,2022,30253.0,48687.0,Gasoline,Automatic,2.32,150.0,3,4,City_057,32912.7,27657.73,Person_489,3810456025.0,Libra,Gray,Cinema
REC00490,Honda,2016,105478.0,169750.0,Gasoline,Automatic,2.2,159.0,4,3,City_055,28395.24,23861.54,Person_490,3540087077.0,Cancer,Gray,Reading
REC00491,Chevrolet,2020,98580.0,158648.0,Gasoline,Automatic,2.3,122.0,4,2,City_079,27862.58,23413.93,Person_491,3219908352.0,Virgo,Gray,Music
REC00492,Chevrolet,2024,65610.0,105588.0,Diesel,Manual,1.52,102.0,4,3,City_001,28005.77,250000.0,Person_492,3690596292.0,Aquarius,Gray,Gaming
REC00493,Kia,2015,68347.0,109993.0,Electric,Manual,1.3,80.0,2,2,City_040,32482.06,27295.85,Person_493,3786827701.0,Aquarius,Blue,Cinema
REC00494,Kia,2024,98816.0,159028.0,Diesel,Automatic,2.03,144.0,4,3,City_023,36018.14,30267.34,Person_494,3023322360.0,Scorpio,Green,Sports
REC00495,Nissan,2018,127614.0,205375.0,Hybrid,Manual,2.81,186.0,4,1,City_054,29341.43,24656.66,Person_495,3540076429.0,Virgo,Yellow,Photography
REC00496,Nissan,2006,68688.0,110543.0,Diesel,Manual,3.13,200.0,5,1,City_042,24984.41,20995.3,Person_496,3603698328.0,Virgo,Gray,Cinema
REC00497,Ford,2017,106188.0,170892.0,Diesel,Automatic,2.56,,4,2,City_080,28760.95,24168.87,Person_497,3945938415.0,Cancer,Purple,Hiking
REC00498,BMW,2018,,165131.0,Gasoline,Automatic,,144.0,4,2,City_050,37166.2,31232.1,Person_498,3951157384.0,Scorpio,Gray,Gaming
REC00499,,2010,115172.0,185351.0,Gasoline,Automatic,2.19,117.0,4,1,City_004,24870.17,20899.3,Person_499,3098314461.0,Capricorn,Red,Cooking
REC00500,Chevrolet,2016,81572.0,131278.0,Diesel,Manual,2.01,104.0,4,1,City_008,25885.04,21752.14,Person_500,3739565266.0,Scorpio,White,Hiking
REC00501,Volkswagen,2011,43507.0,70018.0,Gasoline,Automatic,,71.0,4,1,City_036,19649.2,16511.93,Person_501,3804861628.0,Sagittarius,White,Gaming
REC00502,Nissan,2008,61500.0,98974.0,Diesel,Manual,2.02,130.0,4,1,City_010,22279.96,18722.66,Person_502,3055997875.0,Virgo,Orange,Photography
REC00503,Hyundai,2011,93714.0,150818.0,Gasoline,Manual,1.07,89.0,4,1,City_030,20277.31,17039.75,Person_503,3303615719.0,Taurus,Blue,Gardening
REC00504,Chevrolet,2017,152739.0,245808.0,Hybrid,Manual,1.91,81.0,4,2,City_016,23132.26,19438.87,Person_504,3183867527.0,Cancer,Blue,Gardening
REC00505,Nissan,2015,60639.0,97589.0,Electric,Manual,3.15,213.0,2,3,City_030,38908.33,32696.07,Person_505,3315500047.0,Cancer,Red,Music
REC00506,Toyota,2012,112191.0,180554.0,Gasoline,Automatic,2.58,164.0,5,2,City_064,18803.74,15801.46,Person_506,3536605297.0,Scorpio,Green,Sports
REC00507,Toyota,2023,66878.0,107629.0,Gasoline,Automatic,1.35,71.0,4,3,City_074,25140.92,21126.82,Person_507,3436630279.0,Leo,Purple,Travel
REC00508,Toyota,2006,84419.0,135858.0,Diesel,Automatic,1.95,129.0,4,3,City_011,16533.95,13894.08,Person_508,3151905558.0,Cancer,Orange,Reading
REC00509,BMW,2022,140616.0,226299.0,Gasoline,Automatic,1.42,114.0,4,1,City_034,37499.02,31511.78,Person_509,3959973960.0,Scorpio,Purple,Cinema
REC00510,Mazda,2014,110572.0,177947.0,Gasoline,Manual,1.96,137.0,4,1,City_080,26175.77,21996.45,Person_510,3176840415.0,Gemini,Pink,Photography
REC00511,Hyundai,2010,30348.0,48840.0,Hybrid,Manual,2.73,187.0,4,1,City_055,34020.53,28588.68,Person_511,3117467620.0,Taurus,Orange,Gardening
REC00512,Hyundai,2008,57101.0,91895.0,Electric,Automatic,2.46,135.0,5,3,City_004,21541.62,18102.2,Person_512,3218824225.0,Cancer,Orange,Photography
REC00513,,2023,130249.0,209615.0,Diesel,Automatic,3.74,219.0,4,1,City_049,43981.51,36959.25,Person_513,3005080308.0,Aquarius,Blue,Cooking
REC00514,Volkswagen,2018,85675.0,137880.0,Gasoline,Automatic,2.83,162.0,4,2,City_044,30125.47,25315.52,Person_514,3299861741.0,Aries,Red,Cooking
REC00515,Chevrolet,2018,34046.0,54792.0,Gasoline,Manual,2.14,164.0,4,1,City_031,35793.09,30078.23,Person_515,3142650385.0,Aries,White,Photography
REC00516,Ford,2022,47242.0,76028.0,Gasoline,Automatic,,,5,3,City_048,34294.27,28818.71,Person_516,3287346219.0,Leo,Purple,Photography
REC00517,,2021,,174034.0,Gasoline,Manual,1.86,165.0,4,1,City_026,37882.57,31834.09,Person_517,3003130510.0,Aquarius,White,Sports
REC00518,Toyota,2022,119776.0,192761.0,Gasoline,Manual,1.21,80.0,2,3,City_070,23495.49,19744.11,Person_518,3069405172.0,Aries,Purple,Sports
REC00519,Volkswagen,2022,80714.0,129897.0,Gasoline,Manual,2.91,169.0,4,1,City_012,35261.3,29631.35,Person_519,3290162190.0,Cancer,Orange,Photography
REC00520,Honda,2009,179013.0,288092.0,Hybrid,Manual,2.71,167.0,4,1,City_045,20614.45,17323.07,Person_520,3801261660.0,Scorpio,Blue,Cooking
REC00521,Honda,2013,112966.0,181801.0,Diesel,Manual,1.83,141.0,2,2,City_008,22044.94,18525.16,Person_521,3343446910.0,Scorpio,Red,Sports
REC00522,Honda,2005,70261.0,113073.0,Diesel,Manual,2.19,135.0,4,4,City_009,16798.5,14116.39,Person_522,3721868664.0,Taurus,Gray,Reading
REC00523,BMW,2008,47372.0,76237.0,Electric,Automatic,2.87,180.0,4,2,City_001,41153.31,34582.61,Person_523,3940611862.0,Gemini,Orange,Cinema
REC00524,Nissan,2011,,65990.0,Gasoline,Automatic,2.59,164.0,4,3,City_005,31880.08,26789.99,Person_524,3101455574.0,Gemini,Orange,Gardening
REC00525,Honda,2015,93417.0,150339.0,Gasoline,Automatic,0.98,74.0,4,2,City_071,17843.94,14994.91,Person_525,3184372672.0,Aries,Orange,Sports
REC00526,Nissan,2018,60449.0,97283.0,Hybrid,Automatic,2.17,130.0,4,2,City_054,28492.25,23943.06,Person_526,3652992248.0,Aquarius,Gray,Sports
REC00527,Kia,2014,146950.0,236492.0,Electric,Automatic,1.88,121.0,4,1,City_024,25202.31,21178.41,Person_527,3989273045.0,Gemini,Purple,Music
REC00528,Toyota,2023,138652.0,223139.0,Diesel,Manual,2.78,170.0,4,1,City_026,35249.92,29621.78,Person_528,3667266630.0,Scorpio,Blue,Gaming
REC00529,Honda,2012,105323.0,169500.0,Gasoline,Automatic,2.72,170.0,4,1,City_010,26599.28,22352.33,Person_529,3237642348.0,Virgo,Yellow,Cinema
REC00530,Hyundai,2007,32840.0,52851.0,Diesel,Automatic,2.92,195.0,4,4,City_061,22959.56,19293.75,Person_530,3744344027.0,Leo,Pink,Travel
REC00531,Nissan,2012,,85474.0,Gasoline,Automatic,1.22,113.0,4,4,City_040,17162.21,14422.02,Person_531,3195787633.0,Capricorn,Orange,Music
REC00532,Hyundai,2022,130227.0,209580.0,Gasoline,Manual,1.45,87.0,4,2,City_044,23303.03,19582.38,Person_532,3074584735.0,Pisces,Yellow,Gardening
REC00533,Hyundai,2009,57477.0,92501.0,Gasoline,Automatic,2.78,167.0,4,1,City_012,22760.98,19126.88,Person_533,3996668192.0,Sagittarius,Orange,Travel
REC00534,Mazda,2024,124886.0,200984.0,Hybrid,Manual,1.59,95.0,4,1,City_022,28351.89,23825.12,Person_534,3937894058.0,Libra,Gray,Gardening
REC00535,,2015,98984.0,159299.0,Gasoline,Manual,0.93,74.0,4,4,City_027,18327.46,15401.22,Person_535,3564024844.0,Virgo,White,Hiking
REC00536,Kia,2013,82069.0,132076.0,Hybrid,Manual,,142.0,4,1,City_067,29676.8,24938.48,Person_536,3427968883.0,Leo,Pink,Sports
REC00537,Volkswagen,2023,51887.0,83503.0,Gasoline,Manual,1.62,113.0,4,3,City_069,29840.02,25075.65,Person_537,3081765768.0,Leo,Red,Gardening
REC00538,Hyundai,2016,76230.0,122680.0,Gasoline,Manual,3.25,,4,1,City_014,32067.43,26947.42,Person_538,3277862333.0,Capricorn,White,Cooking
REC00539,Toyota,2009,87586.0,140956.0,Electric,Automatic,2.21,104.0,4,1,City_025,24933.57,20952.58,Person_539,3282802360.0,Sagittarius,Yellow,Hiking
REC00540,Ford,2020,121302.0,195215.0,Gasoline,Manual,2.11,144.0,4,3,City_052,33081.31,27799.42,Person_540,3623861245.0,Capricorn,Green,Gaming
REC00541,Hyundai,2017,44571.0,71729.0,Diesel,Manual,1.74,109.0,4,1,City_059,30730.17,25823.67,Person_541,3007257519.0,Virgo,Black,Music
REC00542,Toyota,2010,69487.0,111829.0,Gasoline,Manual,3.11,198.0,4,1,City_038,29877.88,25107.47,Person_542,3720208810.0,Pisces,Gray,Cinema
REC00543,Chevrolet,2020,81793.0,131633.0,Diesel,Automatic,2.25,130.0,5,4,City_020,29960.34,25176.76,Person_543,3987321154.0,Aquarius,Orange,Hiking
REC00544,Toyota,2022,106507.0,171406.0,Gasoline,Automatic,1.71,132.0,5,2,City_078,33754.26,28364.92,Person_544,3620419280.0,Cancer,Gray,Photography
REC00545,BMW,2021,43661.0,70266.0,Gasoline,Manual,1.44,113.0,4,2,City_020,35589.1,29906.81,Person_545,3223935457.0,Cancer,White,Photography
REC00546,Volkswagen,2016,27337.0,43995.0,Diesel,Manual,1.95,136.0,5,2,City_056,26924.58,22625.7,Person_546,3767548191.0,Pisces,Red,Travel
REC00547,Chevrolet,2005,106959.0,172133.0,Gasoline,Automatic,1.32,104.0,4,1,City_030,10304.6,8659.33,Person_547,3331675646.0,Cancer,White,Cinema
REC00548,Mazda,2011,19282.0,31031.0,Gasoline,Automatic,,158.0,5,1,City_041,30266.63,25434.14,Person_548,3062979400.0,Aquarius,Purple,Music
REC00549,Toyota,2018,131399.0,211466.0,Diesel,Manual,0.8,55.0,4,1,City_071,19673.72,16532.54,Person_549,3448345448.0,Virgo,White,Reading
REC00550,Toyota,2022,73763.0,118710.0,Gasoline,Manual,1.9,136.0,5,1,City_063,35143.94,29532.72,Person_550,3510175215.0,Aries,Green,Photography
REC00551,Nissan,2005,18099.0,29127.0,Gasoline,Automatic,,142.0,4,1,City_069,19701.08,16555.53,Person_551,3652631483.0,Sagittarius,Pink,Cinema
REC00552,Kia,2024,60783.0,97821.0,Diesel,Manual,2.24,165.0,4,2,City_029,40449.89,33991.51,Person_552,3126508928.0,Taurus,Gray,Travel
REC00553,Volkswagen,2014,95165.0,153153.0,Hybrid,Automatic,1.5,98.0,4,1,City_079,21022.6,17666.05,Person_553,3107181496.0,Taurus,Gray,Hiking
REC00554,BMW,2019,58692.0,94455.0,Gasoline,Manual,2.46,163.0,4,2,City_077,43865.87,36862.07,Person_554,3798783856.0,Leo,Yellow,Sports
REC00555,,2015,80801.0,130037.0,Diesel,Manual,1.38,127.0,4,1,City_044,27490.13,23100.95,Person_555,3333867731.0,Pisces,Black,Gardening
REC00556,BMW,2008,109603.0,176389.0,Diesel,Automatic,1.98,119.0,5,1,City_079,30114.5,25306.31,Person_556,3557989188.0,Pisces,Black,Cinema
REC00557,Mazda,2019,71912.0,115731.0,Gasoline,Automatic,2.46,156.0,2,1,City_057,33809.56,28411.39,Person_557,3697324775.0,Aquarius,Green,Hiking
REC00558,Honda,2020,42518.0,68425.0,Gasoline,Manual,2.32,164.0,4,3,City_024,34632.75,29103.15,Person_558,3998249452.0,Cancer,Blue,Gardening
REC00559,Honda,2019,,109501.0,Gasoline,Automatic,,118.0,4,1,City_019,33537.07,28182.41,Person_559,3647728852.0,Gemini,Orange,Cinema
REC00560,BMW,2021,136594.0,219826.0,Diesel,Automatic,2.84,171.0,4,2,City_017,43034.36,36163.33,Person_560,3044714820.0,Leo,Purple,Reading
REC00561,Mazda,2015,147403.0,237221.0,Gasoline,Manual,2.06,126.0,5,2,City_069,19105.41,16054.97,Person_561,3942188227.0,Libra,Black,Music
REC00562,Hyundai,2022,500.0,805.0,Hybrid,Automatic,,155.0,5,1,City_061,40867.22,34342.2,Person_562,3219890936.0,Capricorn,Red,Music
REC00563,Chevrolet,2020,123641.0,198981.0,Diesel,Manual,3.07,211.0,4,2,City_004,34106.13,28660.61,Person_563,3930428220.0,Taurus,Gray,Cinema
REC00564,Kia,2019,90006.0,144850.0,Gasoline,Manual,2.78,169.0,4,3,City_022,23608.34,19838.94,Person_564,3357701895.0,Virgo,Red,Music
REC00565,Kia,2015,116959.0,188227.0,Gasoline,Manual,2.78,174.0,4,2,City_074,28570.37,24008.72,Person_565,3757505286.0,Cancer,Orange,Hiking
REC00566,BMW,2017,57980.0,93310.0,Electric,Automatic,2.13,131.0,4,1,City_006,45160.8,37950.25,Person_566,3694052772.0,Taurus,Yellow,Reading
REC00567,Kia,2022,9269.0,14918.0,Gasoline,Automatic,2.56,0.0,4,2,City_030,41597.21,34955.64,Person_567,3392428201.0,Aries,Yellow,Music
REC00568,BMW,2012,103380.0,166373.0,Gasoline,Manual,2.15,141.0,3,2,City_075,28780.9,24185.63,Person_568,3262581663.0,Scorpio,Pink,Sports
REC00569,Honda,2013,42361.0,68173.0,Diesel,Manual,1.15,68.0,4,1,City_011,15899.06,13360.55,Person_569,3704476048.0,Leo,Blue,Cinema
REC00570,Toyota,2015,24468.0,39378.0,Gasoline,Automatic,2.21,127.0,4,1,City_048,29580.67,24857.7,Person_570,3299714203.0,Capricorn,Black,Reading
REC00571,Chevrolet,2021,27264.0,43877.0,Gasoline,Automatic,,110.0,4,1,City_046,34871.94,29304.15,Person_571,3727609413.0,Taurus,White,Sports
REC00572,Kia,2005,104037.0,167430.0,Gasoline,Automatic,2.41,140.0,4,1,City_027,17248.81,14494.8,Person_572,3045491433.0,Scorpio,White,Reading
REC00573,Ford,2015,85578.0,137724.0,Gasoline,Manual,1.91,137.0,4,1,City_019,25803.85,21683.91,Person_573,3870965679.0,Gemini,Gray,Cinema
REC00574,Honda,2011,111299.0,179117.0,Gasoline,Automatic,1.47,,2,1,City_059,15428.71,12965.3,Person_574,3139875381.0,Libra,Green,Photography
REC00575,Mazda,2012,106763.0,171818.0,Hybrid,Manual,,166.0,5,1,City_068,24458.58,20553.43,Person_575,3789246121.0,Taurus,Gray,Reading
REC00576,Ford,2023,63163.0,101650.0,Electric,Automatic,,,4,3,City_054,31671.37,26614.59,Person_576,3960915491.0,Libra,White,Hiking
REC00577,Nissan,2008,77181.0,124211.0,Gasoline,Manual,3.02,184.0,2,2,City_017,26796.57,22518.13,Person_577,3116789057.0,Cancer,Gray,Travel
REC00578,,2008,59542.0,95824.0,Gasoline,Manual,1.84,,4,3,City_050,18171.53,15270.2,Person_578,3004364190.0,Capricorn,Gray,Cooking
REC00579,BMW,2023,71587.0,115208.0,Gasoline,Automatic,2.17,144.0,5,2,City_040,42389.09,35621.09,Person_579,3429037504.0,Aries,Black,Hiking
REC00580,Kia,2013,41310.0,66482.0,Gasoline,Automatic,2.39,,4,1,City_011,34483.4,28977.65,Person_580,3348352770.0,Leo,Orange,Cooking
REC00581,Hyundai,2021,95619.0,153884.0,Gasoline,Automatic,2.41,151.0,4,1,City_014,32352.83,27187.25,Person_581,3858466554.0,Pisces,Yellow,Gaming
REC00582,Hyundai,2022,123005.0,197957.0,Gasoline,Automatic,1.01,96.0,3,3,City_013,24804.98,20844.52,Person_582,3359323660.0,Pisces,Gray,Music
REC00583,Volkswagen,2005,47335.0,76179.0,Electric,Manual,2.58,175.0,4,1,City_080,27280.74,22924.99,Person_583,3327539358.0,Cancer,Gray,Gardening
REC00584,Chevrolet,2018,131251.0,211227.0,Gasoline,Automatic,2.21,153.0,4,1,City_028,32923.13,27666.49,Person_584,3601954844.0,Scorpio,Green,Photography
REC00585,,2008,84541.0,136055.0,Gasoline,Automatic,1.56,75.0,4,1,City_044,15396.95,12938.61,Person_585,3138315832.0,Aries,White,Cooking
REC00586,Toyota,2014,-5000.0,144266.0,Gasoline,Automatic,1.48,115.0,5,1,City_063,22605.74,18996.42,Person_586,3049009643.0,Taurus,Gray,Cinema
REC00587,BMW,2018,12023.0,19349.0,Gasoline,Automatic,1.77,115.0,4,1,City_061,39738.71,33393.87,Person_587,3178136224.0,Leo,Pink,Photography
REC00588,Kia,2011,7710.0,12407.0,Hybrid,Automatic,1.09,73.0,4,1,City_017,20757.98,17443.68,Person_588,3124748212.0,Capricorn,Orange,Hiking
REC00589,Chevrolet,2016,85765.0,138024.0,Gasoline,Automatic,3.21,174.0,5,1,City_050,35872.28,30144.77,Person_589,3988369125.0,Capricorn,Gray,Sports
REC00590,Chevrolet,2020,111589.0,179585.0,Electric,Automatic,3.04,,4,2,City_026,42051.18,35337.12,Person_590,3996291390.0,Pisces,Orange,Photography
REC00591,Nissan,2009,53145.0,85528.0,Gasoline,Automatic,2.32,148.0,2,1,City_007,23384.24,19650.62,Person_591,3579056456.0,Taurus,Green,Photography
REC00592,Ford,2015,146804.0,236257.0,Diesel,Manual,1.84,102.0,4,2,City_079,24590.61,20664.38,Person_592,3378565824.0,Aquarius,Red,Gaming
REC00593,Volkswagen,2008,109397.0,176058.0,Electric,Automatic,1.86,100.0,5,2,City_016,23174.19,19474.11,Person_593,3604074603.0,Aries,Green,Gardening
REC00594,Kia,2017,43666.0,70274.0,Gasoline,Automatic,2.53,166.0,2,2,City_017,30159.24,25343.9,Person_594,3224704868.0,Virgo,Green,Gaming
REC00595,Volkswagen,2012,81234.0,130733.0,Gasoline,Automatic,,211.0,2,1,City_035,26425.19,22206.04,Person_595,3603679071.0,Pisces,White,Photography
REC00596,Chevrolet,2011,179077.0,288196.0,Diesel,Automatic,1.6,111.0,4,2,City_023,12657.96,10636.94,Person_596,3994024288.0,Pisces,Green,Gaming
REC00597,Hyundai,2015,30297.0,48759.0,Gasoline,Manual,1.22,104.0,5,1,City_069,25983.79,21835.12,Person_597,3330413313.0,Capricorn,Blue,Gardening
REC00598,Honda,2015,101131.0,162754.0,Diesel,Manual,3.08,188.0,5,1,City_009,32710.33,27487.68,Person_598,3304538221.0,Cancer,Pink,Music
REC00599,Volkswagen,2021,67090.0,107971.0,Gasoline,Automatic,0.8,63.0,4,2,City_018,28133.53,23641.62,Person_599,3989228673.0,Leo,White,Sports
REC00600,,2018,108276.0,174253.0,Gasoline,Manual,1.29,,4,1,City_075,19592.54,16464.32,Person_600,3320381562.0,Gemini,Black,Hiking
REC00601,Honda,2006,130691.0,210326.0,Gasoline,Automatic,1.83,97.0,4,1,City_048,11574.14,9726.17,Person_601,3257452996.0,Capricorn,Green,Travel
REC00602,BMW,2024,64551.0,103884.0,Hybrid,Automatic,0.91,98.0,4,1,City_072,36476.88,30652.84,Person_602,3288344009.0,Virgo,Purple,Photography
REC00603,Honda,2012,124756.0,200776.0,Gasoline,Manual,2.78,190.0,4,1,City_066,22134.59,18600.49,Person_603,3084380275.0,Cancer,Purple,Photography
REC00604,Toyota,2006,168848.0,271734.0,Gasoline,Manual,2.6,142.0,3,1,City_023,13637.68,11460.24,Person_604,3018667237.0,Virgo,Yellow,Travel
REC00605,Ford,2019,82651.0,133014.0,Diesel,Automatic,1.6,110.0,4,4,City_010,24291.32,20412.87,Person_605,3095586596.0,Leo,Gray,Gardening
REC00606,,2009,111396.0,179273.0,Gasoline,Manual,2.9,178.0,4,1,City_038,25968.85,21822.57,Person_606,3692544897.0,Aquarius,Blue,Travel
REC00607,Volkswagen,2010,56382.0,90738.0,Gasoline,Automatic,,,3,1,City_059,24963.34,20977.6,Person_607,3980324072.0,Taurus,Blue,Travel
REC00608,Hyundai,2021,80770.0,129987.0,Gasoline,Automatic,1.92,120.0,4,2,City_068,27046.62,22728.25,Person_608,3045933372.0,Cancer,Orange,Music
REC00609,Ford,2012,72933.0,117374.0,Diesel,Manual,1.68,118.0,4,2,City_043,15207.23,12779.19,Person_609,3677284073.0,Taurus,Yellow,Sports
REC00610,Toyota,2023,111877.0,180049.0,Diesel,Manual,3.58,229.0,4,3,City_012,39253.08,32985.78,Person_610,3460643623.0,Leo,Purple,Photography
REC00611,Ford,2009,128187.0,206297.0,Gasoline,Automatic,2.5,164.0,4,3,City_053,16012.91,13456.23,Person_611,3938022590.0,Gemini,Green,Travel
REC00612,Volkswagen,2023,75614.0,121688.0,Gasoline,Manual,2.18,138.0,4,2,City_014,38203.79,32104.02,Person_612,3866411032.0,Virgo,Pink,Reading
REC00613,Ford,2018,141345.0,227472.0,Diesel,Automatic,2.95,180.0,4,4,City_052,28039.32,23562.46,Person_613,3773416314.0,Aquarius,Gray,Sports
REC00614,BMW,2014,141202.0,227242.0,Diesel,Automatic,2.21,156.0,5,1,City_072,32937.71,27678.75,Person_614,3085999269.0,Leo,Pink,Sports
REC00615,Nissan,2017,113874.0,183262.0,Gasoline,Automatic,1.65,117.0,4,2,City_061,21249.63,17856.83,Person_615,3549200676.0,Taurus,Purple,Reading
REC00616,Volkswagen,2009,59359.0,95529.0,Gasoline,Manual,2.06,134.0,5,3,City_041,14275.6,11996.31,Person_616,3119224308.0,Capricorn,Purple,Music
REC00617,Kia,2011,55527.0,89362.0,Gasoline,Automatic,2.73,169.0,4,2,City_021,21842.31,18354.88,Person_617,3868429009.0,Aquarius,Red,Cooking
REC00618,Honda,2014,47505.0,76451.0,Diesel,Automatic,,69.0,4,4,City_048,13936.83,11711.62,Person_618,3110909978.0,Scorpio,Gray,Gaming
REC00619,Volkswagen,2015,117967.0,189848.0,Electric,Automatic,1.8,112.0,2,1,City_056,26543.48,22305.45,Person_619,3207971155.0,Virgo,Orange,Sports
REC00620,Toyota,2007,31529.0,50741.0,Gasoline,Automatic,2.97,196.0,4,1,City_035,23662.06,19884.08,Person_620,3412477617.0,Sagittarius,Blue,Gardening
REC00621,Ford,2017,107074.0,172318.0,Gasoline,Automatic,1.64,94.0,2,4,City_044,20622.98,17330.23,Person_621,3236494753.0,Gemini,Orange,Cinema
REC00622,,2006,36756.0,59152.0,Gasoline,Manual,3.08,183.0,4,1,City_039,26721.76,22455.26,Person_622,3920568363.0,Aquarius,Blue,Gardening
REC00623,Ford,2008,,181762.0,Gasoline,Automatic,2.99,194.0,5,2,City_015,20892.73,17556.92,Person_623,3323611719.0,Cancer,Red,Photography
REC00624,Hyundai,2007,80689.0,129856.0,Gasoline,Automatic,1.95,110.0,3,1,City_012,22984.86,19315.01,Person_624,3617750403.0,Aquarius,Orange,Hiking
REC00625,Mazda,2019,133346.0,214598.0,Electric,Automatic,,85.0,4,2,City_008,23187.22,19485.06,Person_625,3886701563.0,Scorpio,Yellow,Sports
REC00626,Kia,2008,125658.0,202227.0,Gasoline,Manual,,120.0,2,3,City_067,13341.71,11211.52,Person_626,3643437789.0,Libra,Gray,Travel
REC00627,Chevrolet,2008,137403.0,221128.0,Diesel,Manual,3.87,,4,1,City_001,25116.32,21106.15,Person_627,3906908595.0,Scorpio,White,Gaming
REC00628,Mazda,2019,138433.0,222785.0,Gasoline,Automatic,3.31,183.0,4,1,City_080,31741.48,26673.51,Person_628,3273627958.0,Sagittarius,Gray,Cooking
REC00629,Volkswagen,2010,85745.0,137993.0,Hybrid,Manual,,,3,1,City_042,19864.11,16692.53,Person_629,3296939747.0,Scorpio,Gray,Cinema
REC00630,Toyota,2009,33648.0,54152.0,Gasoline,Manual,1.57,104.0,4,3,City_031,17032.44,14312.97,Person_630,3321414984.0,Scorpio,Red,Cinema
REC00631,Nissan,2016,37899.0,60993.0,Gasoline,Automatic,2.08,154.0,4,2,City_074,28175.12,23676.57,Person_631,3116645096.0,Virgo,Pink,Gaming
REC00632,Kia,2011,,805.0,Electric,Automatic,2.17,121.0,3,1,City_030,30796.74,25879.61,Person_632,3522796299.0,Aquarius,Purple,Gardening
REC00633,Chevrolet,2007,36653.0,58988.0,Gasoline,Manual,1.13,81.0,4,1,City_043,11590.65,9740.04,Person_633,3963352461.0,Taurus,Black,Cooking
REC00634,,2011,82753.0,133178.0,Diesel,Automatic,2.06,139.0,2,3,City_026,14931.75,12547.69,Person_634,3991621373.0,Pisces,White,Cinema
REC00635,Nissan,2016,57614.0,92720.0,Hybrid,Automatic,2.93,163.0,5,3,City_012,28586.84,24022.56,Person_635,3025516706.0,Libra,Green,Sports
REC00636,Honda,2019,72795.0,117151.0,Gasoline,Automatic,0.8,79.0,4,1,City_059,22921.82,19262.03,Person_636,3725432325.0,Cancer,Pink,Gaming
REC00637,Ford,2023,99709.0,160465.0,Diesel,Automatic,2.58,169.0,4,1,City_069,35634.47,29944.93,Person_637,3007800878.0,Gemini,Blue,Music
REC00638,Mazda,2010,,109173.0,Hybrid,Manual,,159.0,4,2,City_073,24243.23,20372.46,Person_638,3332909974.0,Cancer,Gray,Photography
REC00639,Nissan,2012,35127.0,56531.0,Electric,Automatic,1.61,108.0,3,2,City_011,25967.93,21821.79,Person_639,3385633138.0,Cancer,Red,Sports
REC00640,Ford,2010,77871.0,125320.0,Diesel,Manual,3.19,201.0,4,4,City_047,23275.89,19559.57,Person_640,3797878851.0,Gemini,Red,Music
REC00641,Chevrolet,2007,,70908.0,Gasoline,Manual,1.52,95.0,3,1,City_023,14373.44,12078.52,Person_641,3178086141.0,Sagittarius,Gray,Cinema
REC00642,Hyundai,2009,69169.0,111316.0,Diesel,Automatic,,125.0,4,2,City_043,24521.58,20606.37,Person_642,3847384000.0,Gemini,Blue,Gardening
REC00643,Chevrolet,2013,133711.0,215187.0,Diesel,Manual,1.79,122.0,4,2,City_077,16671.9,14010.0,Person_643,3721076282.0,Taurus,White,Sports
REC00644,Hyundai,2020,69180.0,111334.0,Diesel,Automatic,1.79,151.0,4,3,City_039,27634.28,23222.08,Person_644,3799702408.0,Aries,White,Travel
REC00645,Hyundai,2020,150838.0,242750.0,Hybrid,Manual,1.57,100.0,3,1,City_073,22483.73,18893.89,Person_645,3793431670.0,Aquarius,Pink,Music
REC00646,BMW,2013,137265.0,220907.0,Gasoline,Manual,2.49,180.0,2,1,City_055,32484.37,27297.79,Person_646,3281208505.0,Aries,Gray,Travel
REC00647,BMW,2022,56828.0,91455.0,Gasoline,Automatic,2.59,151.0,4,1,City_018,46088.33,38729.69,Person_647,3124144175.0,Leo,Yellow,Cooking
REC00648,Kia,2017,35555.0,57220.0,Diesel,Automatic,1.95,131.0,4,3,City_042,26703.11,22439.59,Person_648,3619975670.0,Pisces,Orange,Hiking
REC00649,BMW,2015,77898.0,125364.0,Electric,Manual,,89.0,2,1,City_026,35371.62,29724.05,Person_649,3708490430.0,Pisces,Yellow,Gaming
REC00650,BMW,2014,126133.0,202991.0,Gasoline,Automatic,2.28,145.0,3,1,City_018,33043.17,27767.37,Person_650,3591831304.0,Leo,Green,Photography
REC00651,Ford,2014,60392.0,97192.0,Electric,Manual,2.3,142.0,5,2,City_041,29743.52,24994.56,Person_651,3347965099.0,Pisces,Yellow,Hiking
REC00652,Volkswagen,2010,116324.0,187204.0,Electric,Manual,1.85,133.0,4,1,City_042,26268.12,22074.05,Person_652,3959165997.0,Sagittarius,Red,Photography
REC00653,,2020,128338.0,206539.0,Hybrid,Manual,3.31,230.0,5,1,City_033,43176.22,36282.54,Person_653,3973794446.0,Cancer,Pink,Gaming
REC00654,Mazda,2016,49039.0,78920.0,Hybrid,Manual,0.91,74.0,4,1,City_043,19856.77,16686.36,Person_654,3647317749.0,Leo,Black,Music
REC00655,Honda,2008,52958.0,85227.0,Hybrid,Manual,0.8,56.0,4,2,City_014,13229.17,11116.95,Person_655,3543665367.0,Virgo,Purple,Gaming
REC00656,,2009,108506.0,174624.0,Hybrid,Automatic,1.49,,4,2,City_055,14582.04,12253.82,Person_656,3855411124.0,Capricorn,Green,Sports
REC00657,Hyundai,2006,86074.0,138522.0,Diesel,Automatic,2.5,195.0,4,3,City_058,20798.51,17477.74,Person_657,3713345711.0,Libra,Black,Gaming
REC00658,Chevrolet,2023,52558.0,84583.0,Gasoline,Manual,,91.0,3,3,City_010,30043.81,25246.9,Person_658,3813596487.0,Sagittarius,Gray,Gaming
REC00659,Ford,2005,65913.0,106076.0,Gasoline,Automatic,1.31,83.0,3,1,City_028,13438.64,11292.98,Person_659,3832907739.0,Virgo,Yellow,Cooking
REC00660,Hyundai,2008,77179.0,124208.0,Gasoline,Manual,2.67,149.0,2,2,City_014,20771.57,17455.1,Person_660,3301550975.0,Aries,Purple,Reading
REC00661,Toyota,2016,17406.0,28012.0,Gasoline,Manual,2.32,120.0,4,1,City_026,29088.22,24443.88,Person_661,3057263017.0,Scorpio,Black,Sports
REC00662,BMW,2006,110626.0,178034.0,Gasoline,Manual,2.26,150.0,4,1,City_074,24896.29,20921.25,Person_662,3793543533.0,Taurus,Blue,Gardening
REC00663,Honda,2016,60852.0,97932.0,Hybrid,Manual,2.55,170.0,4,1,City_017,31044.1,26087.48,Person_663,3056404624.0,Sagittarius,Green,Gardening
REC00664,BMW,2020,,805.0,Diesel,Automatic,1.7,108.0,5,1,City_034,38236.63,32131.63,Person_664,3408756770.0,Aquarius,Orange,Gardening
REC00665,Hyundai,2006,79045.0,127211.0,Gasoline,Manual,1.73,115.0,4,1,City_014,14158.28,11897.71,Person_665,3602573214.0,Libra,Green,Cooking
REC00666,Honda,2021,50337.0,81010.0,Diesel,Automatic,2.57,144.0,4,1,City_026,38693.5,32515.54,Person_666,3798092419.0,Libra,Purple,Gardening
REC00667,Toyota,2006,147553.0,237463.0,Gasoline,Automatic,1.06,,5,2,City_034,7853.1,250000.0,Person_667,3508002095.0,Capricorn,Black,Cinema
REC00668,Chevrolet,2008,56582.0,91060.0,Gasoline,Automatic,0.8,71.0,4,1,City_024,16680.55,14017.27,Person_668,3824742285.0,Capricorn,Purple,Gaming
REC00669,Chevrolet,2010,,58088.0,Hybrid,Automatic,1.7,105.0,3,2,City_070,24137.65,20283.74,Person_669,3581152250.0,Pisces,Gray,Gaming
REC00670,Kia,2011,100317.0,161445.0,Gasoline,Manual,2.65,191.0,5,1,City_020,25491.68,21421.58,Person_670,3907377816.0,Leo,Pink,Photography
REC00671,Nissan,2019,53582.0,86232.0,Diesel,Manual,,127.0,2,1,City_039,32027.13,26913.56,Person_671,3702257143.0,Scorpio,Purple,Cooking
REC00672,Nissan,2024,48822.0,78571.0,Gasoline,Automatic,2.6,167.0,4,1,City_045,38654.88,32483.09,Person_672,3718298925.0,Capricorn,White,Hiking
REC00673,Chevrolet,2016,100380.0,161546.0,Gasoline,Manual,0.8,,4,1,City_034,17400.51,14622.27,Person_673,3372354607.0,Aries,Red,Reading
REC00674,Nissan,2009,38381.0,61769.0,Hybrid,Manual,2.22,141.0,4,1,City_022,20555.99,17273.94,Person_674,3075450535.0,Gemini,Yellow,Gardening
REC00675,Mazda,2018,21709.0,34937.0,Gasoline,Automatic,2.46,152.0,4,2,City_071,35078.39,29477.64,Person_675,3616349361.0,Sagittarius,Orange,Gaming
REC00676,Volkswagen,2020,149040.0,239856.0,Electric,Manual,1.05,57.0,4,2,City_033,26249.65,22058.53,Person_676,3608104198.0,Aries,Red,Gardening
REC00677,Toyota,2015,103180.0,166052.0,Gasoline,Automatic,2.6,184.0,4,1,City_006,34676.46,29139.88,Person_677,3455333470.0,Aquarius,White,Sports
REC00678,Volkswagen,2016,69432.0,111739.0,Gasoline,Manual,1.92,123.0,4,1,City_016,29731.0,24984.03,Person_678,3410670907.0,Scorpio,Blue,Gaming
REC00679,Nissan,2023,79861.0,128523.0,Hybrid,Automatic,4.15,256.0,4,3,City_072,40941.53,34404.65,Person_679,3904624930.0,Virgo,Pink,Sports
REC00680,BMW,2021,100235.0,161312.0,Electric,Automatic,0.8,74.0,4,1,City_023,42429.57,35655.1,Person_680,3657088741.0,Pisces,Orange,Cooking
REC00681,,2011,118933.0,191404.0,Gasoline,Manual,2.96,173.0,4,1,City_018,24284.78,20407.38,Person_681,3292975294.0,Capricorn,Pink,Hiking
REC00682,Nissan,2013,49761.0,80082.0,Gasoline,Automatic,,112.0,4,2,City_014,25985.33,21836.41,Person_682,3131483027.0,Leo,Pink,Hiking
REC00683,Ford,2018,94646.0,152317.0,Diesel,Automatic,0.87,88.0,4,2,City_050,19847.52,16678.59,Person_683,3534354063.0,Pisces,Blue,Gardening
REC00684,Hyundai,2024,59732.0,96129.0,Gasoline,Automatic,,93.0,5,2,City_061,28055.04,23575.66,Person_684,3844611477.0,Virgo,Blue,Photography
REC00685,Honda,2016,72441.0,116582.0,Gasoline,Automatic,2.19,173.0,4,2,City_036,26064.14,21902.64,Person_685,3904021667.0,Aquarius,Pink,Cooking
REC00686,BMW,2019,86428.0,139092.0,Diesel,Automatic,2.73,159.0,2,1,City_015,40278.61,33847.57,Person_686,3776779282.0,Leo,Blue,Photography
REC00687,,2016,79733.0,128317.0,Diesel,Manual,,179.0,3,1,City_005,30306.45,25467.61,Person_687,3326250369.0,Sagittarius,Yellow,Cooking
REC00688,Mazda,2017,,176098.0,Gasoline,Manual,3.0,187.0,4,1,City_053,30403.29,25548.99,Person_688,3613038147.0,Taurus,Blue,Photography
REC00689,Kia,2013,99483.0,160103.0,Gasoline,Automatic,1.32,126.0,4,2,City_048,22028.44,18511.29,Person_689,3444853241.0,Capricorn,Red,Gaming
REC00690,Ford,2011,19673.0,31661.0,Electric,Manual,2.79,,5,3,City_079,36503.06,30674.84,Person_690,3614582369.0,Virgo,Gray,Gaming
REC00691,,2005,25687.0,41339.0,Diesel,Manual,2.27,143.0,4,1,City_011,16481.22,13849.76,Person_691,3987488262.0,Pisces,Purple,Hiking
REC00692,Mazda,2014,,104947.0,Diesel,Manual,1.54,112.0,5,1,City_002,27230.11,22882.44,Person_692,3425532206.0,Cancer,Black,Gaming
REC00693,Mazda,2010,153145.0,246462.0,Gasoline,Automatic,1.85,122.0,2,1,City_024,15473.5,13002.94,Person_693,3762761392.0,Gemini,Green,Gardening
REC00694,,2019,45936.0,73927.0,Gasoline,Automatic,1.5,108.0,5,1,City_068,29899.97,25126.02,Person_694,3891053261.0,Pisces,Orange,Reading
REC00695,,2019,,115343.0,Gasoline,Automatic,2.03,121.0,4,1,City_079,24857.92,20889.01,Person_695,3047280426.0,Leo,Black,Hiking
REC00696,Honda,2013,58546.0,94221.0,Gasoline,Automatic,1.49,,5,2,City_012,21905.32,18407.83,Person_696,3204179231.0,Taurus,Red,Cooking
REC00697,Volkswagen,2017,57838.0,93081.0,Gasoline,Automatic,1.28,88.0,2,4,City_059,14520.42,12202.04,Person_697,3943443856.0,Gemini,Pink,Hiking
REC00698,Ford,2005,87130.0,140221.0,Gasoline,Automatic,2.34,131.0,5,1,City_067,18085.65,15198.02,Person_698,3650127588.0,Libra,Black,Sports
REC00699,Volkswagen,2013,136031.0,218920.0,Diesel,Manual,2.44,154.0,4,1,City_032,24565.89,20643.61,Person_699,3977808255.0,Pisces,Green,Hiking
REC00700,Ford,2007,98239.0,158100.0,Diesel,Manual,1.87,117.0,4,1,City_036,17014.06,14297.53,Person_700,3698802806.0,Aries,White,Gaming
REC00701,Toyota,2013,900000.0,77021.0,Gasoline,Automatic,2.96,176.0,4,1,City_021,28400.44,23865.92,Person_701,3026435853.0,Taurus,Orange,Cooking
REC00702,Chevrolet,2024,,305982.0,Diesel,Manual,1.82,125.0,4,1,City_070,30111.92,25304.14,Person_702,3810938448.0,Gemini,Blue,Gardening
REC00703,Ford,2019,,133805.0,Diesel,Automatic,1.79,91.0,4,2,City_066,26850.52,22563.46,Person_703,3413464223.0,Capricorn,Green,Sports
REC00704,Nissan,2011,56911.0,91589.0,Gasoline,Automatic,2.46,152.0,5,1,City_009,25030.73,21034.23,Person_704,3338492603.0,Pisces,Purple,Sports
REC00705,Nissan,2008,136484.0,219649.0,Gasoline,Automatic,1.91,160.0,4,4,City_076,15440.25,12975.0,Person_705,3661278395.0,Libra,Blue,Sports
REC00706,Toyota,2024,61237.0,98551.0,Diesel,Manual,2.06,117.0,4,2,City_044,33247.2,27938.82,Person_706,3201028403.0,Cancer,Black,Gardening
REC00707,Honda,2021,146517.0,235795.0,Gasoline,Manual,0.8,83.0,2,2,City_059,22839.17,19192.58,Person_707,3335086068.0,Pisces,Pink,Music
REC00708,Kia,2008,45174.0,72701.0,Gasoline,Automatic,2.01,131.0,4,1,City_024,20665.65,17366.09,Person_708,3099220161.0,Scorpio,Purple,Cooking
REC00709,Chevrolet,2023,137201.0,220803.0,Gasoline,Manual,0.8,55.0,4,2,City_063,22909.8,19251.93,Person_709,3856446438.0,Scorpio,Green,Sports
REC00710,Mazda,2009,-5000.0,141689.0,Gasoline,Automatic,1.15,63.0,5,1,City_078,15833.92,13305.82,Person_710,3859250435.0,Aries,Blue,Travel
REC00711,Hyundai,2020,131642.0,211857.0,Electric,Automatic,1.07,81.0,4,1,City_041,27881.86,23430.13,Person_711,3104486375.0,Leo,Gray,Hiking
REC00712,,2007,156071.0,251171.0,Diesel,Automatic,1.27,112.0,4,1,City_076,17510.28,14714.52,Person_712,3852669405.0,Aries,Pink,Travel
REC00713,Chevrolet,2015,34696.0,55837.0,Gasoline,Automatic,1.62,103.0,4,3,City_074,23637.1,19863.11,Person_713,3846673373.0,Libra,Pink,Sports
REC00714,Toyota,2019,131031.0,210873.0,Electric,Automatic,1.66,110.0,4,1,City_002,34846.9,29283.11,Person_714,3427313854.0,Cancer,Pink,Gaming
REC00715,Nissan,2023,23644.0,38051.0,Diesel,Automatic,2.46,,4,1,City_028,40452.64,33993.81,Person_715,3706266400.0,Pisces,Gray,Sports
REC00716,,2018,38113.0,61336.0,Diesel,Manual,2.16,144.0,4,1,City_016,32852.36,27607.03,Person_716,3380192873.0,Scorpio,Green,Hiking
REC00717,Ford,2020,47864.0,77029.0,Gasoline,Manual,,50.0,4,1,City_059,24728.22,20780.01,Person_717,3274633344.0,Pisces,Red,Gaming
REC00718,Honda,2010,100145.0,161168.0,Diesel,Automatic,2.06,135.0,2,1,City_001,22818.67,19175.35,Person_718,3994706016.0,Scorpio,Pink,Photography
REC00719,Honda,2009,81321.0,130873.0,Gasoline,Automatic,2.22,165.0,4,1,City_001,21939.72,18436.74,Person_719,3575581155.0,Sagittarius,Purple,Cooking
REC00720,Kia,2021,73315.0,117988.0,Gasoline,Automatic,1.77,117.0,2,2,City_031,27881.13,23429.52,Person_720,3924832752.0,Aquarius,Blue,Hiking
REC00721,Kia,2020,85849.0,138161.0,Gasoline,Manual,1.96,87.0,5,1,City_022,31516.03,26484.06,Person_721,3047920703.0,Virgo,White,Gaming
REC00722,Chevrolet,2006,103652.0,166811.0,Gasoline,Automatic,2.13,143.0,3,2,City_076,14264.1,11986.64,Person_722,3847136383.0,Libra,Pink,Hiking
REC00723,BMW,2015,106730.0,171765.0,Gasoline,Manual,2.54,156.0,2,2,City_059,38259.62,32150.94,Person_723,3545656030.0,Libra,Orange,Hiking
REC00724,Toyota,2008,123767.0,199183.0,Gasoline,Automatic,0.9,50.0,4,1,City_028,13397.18,11258.13,Person_724,3973330212.0,Leo,White,Music
REC00725,Hyundai,2010,152801.0,245909.0,Hybrid,Automatic,1.83,95.0,4,2,City_076,15819.45,13293.66,Person_725,3387565517.0,Libra,White,Travel
REC00726,Nissan,2011,79146.0,127372.0,Gasoline,Manual,3.06,203.0,4,2,City_027,23631.71,19858.58,Person_726,3300247421.0,Sagittarius,Orange,Sports
REC00727,,2021,59156.0,95203.0,Hybrid,Manual,2.99,174.0,4,2,City_001,36322.39,30523.02,Person_727,3659372869.0,Pisces,Pink,Gaming
REC00728,Toyota,2012,104541.0,168243.0,Diesel,Manual,2.6,149.0,4,2,City_002,22572.43,18968.43,Person_728,3414865286.0,Pisces,Orange,Gardening
REC00729,Volkswagen,2005,34230.0,55087.0,Gasoline,Automatic,2.38,,4,2,City_066,17773.34,14935.58,Person_729,3887877735.0,Aquarius,Red,Sports
REC00730,Volkswagen,2019,52852.0,85057.0,Gasoline,Automatic,3.16,,4,1,City_049,37485.04,31500.03,Person_730,3475753111.0,Cancer,Blue,Cinema
REC00731,Ford,2024,119975.0,193081.0,Electric,Automatic,3.34,205.0,4,2,City_019,46997.57,39493.76,Person_731,3830557297.0,Taurus,White,Sports
REC00732,BMW,2016,75035.0,120757.0,Gasoline,Automatic,1.91,122.0,4,1,City_028,34636.04,29105.92,Person_732,3513443323.0,Scorpio,Orange,Gardening
REC00733,Ford,2019,31672.0,50972.0,Diesel,Automatic,1.32,75.0,4,2,City_070,25460.31,21395.22,Person_733,3833664963.0,Libra,Yellow,Gardening
REC00734,Hyundai,2019,20408.0,32843.0,Diesel,Automatic,1.81,112.0,4,1,City_039,30446.22,25585.06,Person_734,3184455288.0,Virgo,Yellow,Photography
REC00735,Nissan,2013,81949.0,131883.0,Gasoline,Automatic,4.17,256.0,4,3,City_019,36991.76,31085.51,Person_735,3467983576.0,Libra,Blue,Hiking
REC00736,Nissan,2020,125676.0,202255.0,Gasoline,Manual,0.9,70.0,5,1,City_064,21648.7,100.0,Person_736,3657198714.0,Pisces,Gray,Travel
REC00737,,2006,125142.0,201396.0,Gasoline,Automatic,1.67,111.0,4,2,City_058,8224.18,6911.07,Person_737,3261053531.0,Gemini,Red,Reading
REC00738,Kia,2019,84435.0,135885.0,Hybrid,Automatic,1.01,105.0,4,2,City_017,19282.38,16203.68,Person_738,3127226262.0,Virgo,Gray,Sports
REC00739,,2019,160356.0,258068.0,Hybrid,Manual,2.09,146.0,5,3,City_070,25158.58,21141.66,Person_739,3255451811.0,Capricorn,Pink,Photography
REC00740,Kia,2011,75807.0,122000.0,Electric,Automatic,1.16,96.0,4,2,City_079,20492.54,17220.62,Person_740,3386578872.0,Libra,Purple,Gaming
REC00741,Kia,2017,74457.0,119827.0,Gasoline,Automatic,1.92,123.0,2,1,City_041,29555.02,24836.15,Person_741,3749807222.0,Libra,Pink,Cinema
REC00742,Hyundai,2021,500.0,805.0,Gasoline,Manual,0.8,67.0,4,3,City_005,22067.4,18544.04,Person_742,3137703855.0,Leo,Blue,Music
REC00743,BMW,2015,62105.0,99949.0,Gasoline,Manual,2.43,147.0,4,2,City_023,35392.76,29741.81,Person_743,3515986316.0,Gemini,Gray,Gaming
REC00744,Toyota,2014,114081.0,183594.0,Electric,Automatic,,189.0,5,2,City_069,29272.1,24598.4,Person_744,3481341500.0,Taurus,Black,Music
REC00745,Nissan,2005,142558.0,229425.0,Gasoline,Automatic,1.73,114.0,4,3,City_010,10299.18,8654.77,Person_745,3132053717.0,Libra,Blue,Photography
REC00746,Mazda,2018,46791.0,75302.0,Gasoline,Automatic,1.91,128.0,5,1,City_068,31938.82,26839.34,Person_746,3290278872.0,Cancer,Gray,Sports
REC00747,BMW,2009,98490.0,158504.0,Hybrid,Automatic,1.89,126.0,2,1,City_012,29352.2,24665.72,Person_747,3057324790.0,Taurus,Purple,Hiking
REC00748,Volkswagen,2012,121875.0,196139.0,Gasoline,Manual,2.13,137.0,2,2,City_010,17129.39,14394.45,Person_748,3443879146.0,Scorpio,Pink,Sports
REC00749,Mazda,2005,80448.0,129469.0,Diesel,Manual,,,4,2,City_060,14702.44,12354.99,Person_749,3195305367.0,Taurus,Green,Sports
REC00750,Hyundai,2011,,805.0,Gasoline,Manual,2.54,150.0,5,1,City_030,29146.57,24492.92,Person_750,3357424042.0,Virgo,Red,Gaming
REC00751,BMW,2006,89892.0,144666.0,Gasoline,Automatic,2.86,,4,2,City_024,24319.14,20436.25,Person_751,3055032676.0,Cancer,Yellow,Gardening
REC00752,Hyundai,2011,110457.0,177763.0,Hybrid,Automatic,1.43,109.0,2,1,City_069,17275.27,14517.04,Person_752,3252022131.0,Sagittarius,Yellow,Gardening
REC00753,BMW,2011,42103.0,67758.0,Diesel,Manual,1.78,109.0,4,2,City_013,34906.68,29333.35,Person_753,3302693664.0,Leo,White,Gardening
REC00754,Kia,2013,,112386.0,Gasoline,Automatic,2.63,160.0,4,3,City_009,24452.41,20548.24,Person_754,3181491277.0,Cancer,Black,Gardening
REC00755,Toyota,2008,33780.0,54364.0,Gasoline,Automatic,1.0,,4,1,City_018,10707.97,8998.29,Person_755,3766051351.0,Scorpio,Black,Photography
REC00756,Nissan,2011,500.0,805.0,Gasoline,Manual,0.8,71.0,2,2,City_035,16322.53,13716.41,Person_756,3529574293.0,Gemini,Pink,Travel
REC00757,,2024,,194859.0,Diesel,Automatic,2.16,146.0,5,2,City_004,30496.36,25627.2,Person_757,3905962803.0,Sagittarius,Red,Photography
REC00758,Honda,2022,79850.0,128506.0,Gasoline,Automatic,2.35,,4,1,City_041,40698.75,34200.63,Person_758,3816820210.0,Scorpio,Orange,Cooking
REC00759,Toyota,2017,143907.0,231595.0,Diesel,Manual,1.49,113.0,4,1,City_026,27441.92,23060.44,Person_759,3827148900.0,Pisces,Orange,Gardening
REC00760,Kia,2015,114293.0,183936.0,Gasoline,Automatic,1.59,80.0,2,1,City_044,22892.01,19236.99,Person_760,3266304883.0,Pisces,Orange,Sports
REC00761,Kia,2013,65832.0,105945.0,Diesel,Manual,1.47,90.0,2,2,City_042,18782.84,15783.9,Person_761,3528948986.0,Scorpio,Green,Cooking
REC00762,Chevrolet,2018,76673.0,123393.0,Gasoline,Manual,1.39,94.0,4,1,City_010,29012.79,24380.49,Person_762,3279789178.0,Capricorn,Gray,Photography
REC00763,Kia,2012,102647.0,165194.0,Diesel,Manual,2.49,139.0,5,1,City_073,20514.05,17238.7,Person_763,3927623382.0,Leo,Orange,Cinema
REC00764,Mazda,2018,118675.0,190989.0,Gasoline,Automatic,1.17,58.0,4,1,City_001,24289.51,20411.36,Person_764,3832499973.0,Aries,Blue,Hiking
REC00765,Kia,2021,92907.0,149519.0,Gasoline,Automatic,1.81,115.0,5,1,City_054,32540.97,27345.35,Person_765,3021994386.0,Aquarius,Orange,Reading
REC00766,Volkswagen,2018,124224.0,199918.0,Electric,Automatic,1.37,106.0,4,2,City_016,27715.75,23290.54,Person_766,3289537369.0,Capricorn,Orange,Cinema
REC00767,Nissan,2009,68133.0,109650.0,Gasoline,Automatic,0.98,93.0,2,2,City_046,17973.76,15104.0,Person_767,3484177308.0,Sagittarius,Green,Music
REC00768,Toyota,2014,,64557.0,Gasoline,Automatic,2.61,155.0,4,1,City_013,28574.15,24011.89,Person_768,3646486138.0,Taurus,Yellow,Reading
REC00769,Honda,2010,77408.0,124575.0,Gasoline,Automatic,,121.0,4,2,City_064,14602.12,12270.69,Person_769,3668295931.0,Aries,Pink,Photography
REC00770,Mazda,2014,88207.0,141956.0,Gasoline,Automatic,2.13,147.0,4,2,City_078,27273.03,22918.51,Person_770,3012200255.0,Virgo,Pink,Music
REC00771,,2015,31939.0,51400.0,Diesel,Automatic,0.94,90.0,4,1,City_055,22941.94,19278.94,Person_771,3430366605.0,Aries,Gray,Gardening
REC00772,Honda,2010,26531.0,42698.0,Gasoline,Manual,,96.0,4,1,City_063,22362.61,18792.11,Person_772,3282201424.0,Capricorn,Pink,Sports
REC00773,Kia,2014,97895.0,157547.0,Diesel,Automatic,2.53,132.0,4,3,City_018,28375.34,23844.83,Person_773,3494655645.0,Capricorn,Gray,Gaming
REC00774,BMW,2018,63746.0,102589.0,Diesel,Automatic,3.81,231.0,5,2,City_061,45694.54,38398.77,Person_774,3198729030.0,Capricorn,White,Sports
REC00775,Mazda,2024,73366.0,118071.0,Diesel,Automatic,0.8,,3,2,City_020,25593.21,21506.9,Person_775,3352470676.0,Libra,Red,Gaming
REC00776,Mazda,2007,65612.0,105592.0,Gasoline,Manual,1.86,111.0,4,1,City_065,22376.58,18803.85,Person_776,3108704832.0,Libra,Orange,Reading
REC00777,Toyota,2011,140824.0,226634.0,Gasoline,Automatic,2.29,141.0,4,3,City_064,19771.3,16614.54,Person_777,3015659376.0,Aries,Pink,Hiking
REC00778,Chevrolet,2006,130470.0,209971.0,Diesel,Automatic,1.57,,4,2,City_076,8807.67,7401.4,Person_778,3997950309.0,Capricorn,Orange,Cooking
REC00779,Volkswagen,2011,,49094.0,Gasoline,Manual,2.59,165.0,4,3,City_064,22219.78,18672.08,Person_779,3927962115.0,Leo,Red,Music
REC00780,Honda,2021,58688.0,94449.0,Diesel,Manual,1.39,107.0,5,4,City_013,23922.11,20102.61,Person_780,3364800685.0,Gemini,White,Cinema
REC00781,Kia,2017,114000.0,183465.0,Gasoline,Manual,2.11,0.0,4,4,City_068,20086.57,16879.47,Person_781,3032407175.0,Aquarius,Pink,Gaming
REC00782,Hyundai,2013,104077.0,167496.0,Gasoline,Automatic,1.63,116.0,4,3,City_070,18980.59,15950.07,Person_782,3980771729.0,Pisces,Pink,Travel
REC00783,Hyundai,2017,78342.0,126078.0,Hybrid,Automatic,2.85,177.0,4,1,City_057,32943.05,27683.24,Person_783,3982439667.0,Taurus,Purple,Cinema
REC00784,BMW,2019,34496.0,55516.0,Diesel,Manual,,118.0,4,3,City_045,37430.63,31454.31,Person_784,3841575483.0,Aquarius,Purple,Sports
REC00785,Mazda,2017,52698.0,84810.0,Diesel,Automatic,1.75,114.0,4,1,City_038,25131.86,21119.21,Person_785,3724654663.0,Leo,Yellow,Photography
REC00786,,2021,59329.0,95481.0,Hybrid,Manual,2.66,165.0,4,3,City_054,33217.31,27913.7,Person_786,3558818910.0,Leo,Purple,Music
REC00787,Chevrolet,2012,91080.0,146578.0,Diesel,Automatic,,85.0,5,1,City_036,12150.7,10210.67,Person_787,3997802526.0,Taurus,Gray,Reading
REC00788,,2013,148149.0,238422.0,Gasoline,Automatic,,130.0,4,2,City_067,19950.82,16765.39,Person_788,3603621531.0,Virgo,Black,Cinema
REC00789,Hyundai,2013,,84530.0,Electric,Automatic,0.8,52.0,4,1,City_079,27521.75,23127.52,Person_789,3878658287.0,Libra,Gray,Cinema
REC00790,Honda,2012,38959.0,62698.0,Diesel,Manual,1.24,75.0,2,2,City_011,14483.41,12170.93,Person_790,3751274047.0,Aries,Black,Gaming
REC00791,BMW,2020,75657.0,121757.0,Diesel,Automatic,2.27,156.0,2,1,City_027,43916.93,36904.98,Person_791,3469623204.0,Gemini,Red,Cinema
REC00792,Chevrolet,2024,121270.0,195164.0,Gasoline,Automatic,1.31,76.0,4,1,City_017,26075.72,21912.37,Person_792,3435756140.0,Cancer,Blue,Photography
REC00793,Volkswagen,2011,22125.0,35606.0,Hybrid,Automatic,1.62,104.0,2,3,City_033,22060.4,18538.15,Person_793,3431973838.0,Taurus,Pink,Gaming
REC00794,Hyundai,2021,138145.0,222323.0,Gasoline,Automatic,,,4,2,City_005,30585.69,25702.26,Person_794,3437311043.0,Capricorn,Blue,Sports
REC00795,Ford,2011,,117673.0,Gasoline,Automatic,1.59,102.0,4,1,City_062,21146.14,17769.87,Person_795,3564183586.0,Aquarius,Gray,Cooking
REC00796,Toyota,2010,50627.0,81476.0,Gasoline,Manual,2.58,174.0,4,1,City_065,26586.23,22341.37,Person_796,3207304954.0,Leo,Blue,Gardening
REC00797,Chevrolet,2009,15992.0,25737.0,Gasoline,Automatic,2.15,129.0,4,1,City_071,27650.88,23236.04,Person_797,3842027873.0,Cancer,Pink,Hiking
REC00798,Chevrolet,2021,108261.0,174228.0,Gasoline,Automatic,2.3,131.0,4,2,City_067,30869.54,25940.79,Person_798,3652167677.0,Aquarius,Green,Hiking
REC00799,Hyundai,2012,73153.0,117728.0,Hybrid,Automatic,2.87,154.0,4,4,City_080,20749.07,17436.2,Person_799,3851379747.0,Taurus,Blue,Travel
REC00800,,2005,86828.0,139736.0,Diesel,Automatic,2.22,162.0,4,2,City_080,26672.08,22413.51,Person_800,3657103288.0,Aquarius,Purple,Cooking
REC00801,Toyota,2020,43968.0,70759.0,Gasoline,Automatic,3.08,172.0,5,1,City_044,36532.74,30699.78,Person_801,3042787269.0,Aries,Pink,Gaming
REC00802,Honda,2021,67236.0,108206.0,Diesel,Automatic,2.64,176.0,2,1,City_014,36845.87,30962.92,Person_802,3954256003.0,Scorpio,White,Travel
REC00803,Honda,2007,60537.0,97424.0,Gasoline,Manual,1.63,95.0,5,4,City_057,10956.31,9206.98,Person_803,3304077616.0,Taurus,Purple,Music
REC00804,Mazda,2017,75976.0,122272.0,Gasoline,Automatic,,200.0,4,1,City_048,32027.43,26913.81,Person_804,3405284573.0,Cancer,Green,Sports
REC00805,Ford,2012,53218.0,85646.0,Gasoline,Manual,2.18,,4,2,City_017,26134.37,21961.65,Person_805,3568103590.0,Pisces,Green,Reading
REC00806,Nissan,2020,18633.0,29986.0,Hybrid,Automatic,1.72,90.0,3,1,City_044,31039.66,26083.75,Person_806,3438513937.0,Capricorn,Orange,Cinema
REC00807,Hyundai,2011,189140.0,304391.0,Gasoline,Automatic,2.19,124.0,2,2,City_004,18991.6,15959.33,Person_807,3991854651.0,Leo,Purple,Reading
REC00808,BMW,2019,25464.0,40980.0,Gasoline,Manual,2.78,184.0,4,3,City_030,42682.31,35867.49,Person_808,3451375445.0,Taurus,Black,Gaming
REC00809,Toyota,2006,,140428.0,Gasoline,Automatic,,155.0,4,1,City_075,13283.32,11162.46,Person_809,3383608201.0,Capricorn,White,Travel
REC00810,BMW,2006,9119.0,14675.0,Diesel,Automatic,3.28,212.0,4,2,City_055,35447.0,29787.39,Person_810,3840039644.0,Sagittarius,Pink,Cinema
REC00811,Nissan,2014,500.0,805.0,Diesel,Automatic,2.76,,4,2,City_030,26351.78,22144.36,Person_811,3551008022.0,Taurus,Green,Gaming
REC00812,,2009,83913.0,135045.0,Gasoline,Manual,2.37,180.0,4,1,City_018,24747.69,20796.37,Person_812,3810244163.0,Virgo,Green,Photography
REC00813,BMW,2008,86975.0,139972.0,Gasoline,Automatic,1.28,92.0,4,1,City_073,19553.29,16431.33,Person_813,3699800409.0,Libra,White,Photography
REC00814,Honda,2019,130460.0,209954.0,Diesel,Automatic,1.87,105.0,5,2,City_044,21407.12,17989.18,Person_814,3442460422.0,Virgo,Orange,Travel
REC00815,Honda,2017,95982.0,154467.0,Diesel,Manual,2.05,129.0,5,1,City_062,26107.14,21938.77,Person_815,3280239884.0,Aquarius,Black,Cinema
REC00816,,2021,74008.0,119103.0,Gasoline,Automatic,2.49,139.0,4,3,City_031,35544.53,29869.35,Person_816,3542997634.0,Aquarius,Red,Hiking
REC00817,Honda,2005,42016.0,67618.0,Hybrid,Manual,2.45,178.0,4,1,City_016,18669.35,15688.53,Person_817,3728844711.0,Pisces,Green,Photography
REC00818,Kia,2022,,225244.0,Electric,Manual,2.12,127.0,4,1,City_077,35931.08,30194.18,Person_818,3085179658.0,Cancer,Orange,Music
REC00819,Honda,2019,117154.0,188541.0,Gasoline,Automatic,2.08,142.0,5,1,City_023,30529.71,25655.22,Person_819,3583689427.0,Aries,Yellow,Travel
REC00820,Toyota,2018,30147.0,48516.0,Diesel,Manual,2.5,151.0,4,1,City_014,38070.69,31992.18,Person_820,3306487858.0,Taurus,Pink,Photography
REC00821,Toyota,2013,81519.0,131191.0,Gasoline,Automatic,1.4,88.0,4,1,City_002,22478.82,18889.76,Person_821,3328901590.0,Pisces,White,Photography
REC00822,Toyota,2016,85762.0,138020.0,Diesel,Automatic,3.19,,4,1,City_012,35148.29,29536.38,Person_822,3083422102.0,Capricorn,Gray,Travel
REC00823,Chevrolet,2009,66174.0,106496.0,Gasoline,Automatic,0.8,73.0,5,2,City_058,15746.93,13232.72,Person_823,3757524767.0,Pisces,Yellow,Music
REC00824,Hyundai,2006,110874.0,178434.0,Gasoline,Manual,3.02,206.0,4,4,City_056,14648.94,12310.04,Person_824,3501993896.0,Capricorn,Yellow,Travel
REC00825,,2011,113269.0,182289.0,Diesel,Automatic,1.97,115.0,4,2,City_024,19361.56,16270.22,Person_825,3531264041.0,Pisces,Gray,Sports
REC00826,Hyundai,2013,,116485.0,Hybrid,Manual,2.7,145.0,4,1,City_037,29747.36,24997.78,Person_826,3782349046.0,Virgo,Black,Hiking
REC00827,Kia,2022,68765.0,110667.0,Gasoline,Automatic,2.25,156.0,5,3,City_029,29437.23,24737.16,Person_827,3268804005.0,Scorpio,Purple,Reading
REC00828,Toyota,2008,139958.0,225241.0,Gasoline,Manual,2.24,119.0,5,1,City_042,14878.54,12502.98,Person_828,3387499714.0,Gemini,Purple,Gardening
REC00829,Mazda,2006,117314.0,188797.0,Gasoline,Automatic,2.39,170.0,4,1,City_018,16249.09,13654.69,Person_829,3833769715.0,Libra,Gray,Music
REC00830,Hyundai,2005,82894.0,133405.0,Diesel,Automatic,2.57,148.0,4,1,City_003,21104.57,17734.93,Person_830,3555556551.0,Sagittarius,Purple,Gardening
REC00831,Nissan,2016,14832.0,23869.0,Diesel,Automatic,1.77,101.0,4,1,City_077,27714.75,23289.7,Person_831,3829677413.0,Cancer,Black,Music
REC00832,Nissan,2017,93760.0,150892.0,Gasoline,Manual,2.72,174.0,4,3,City_013,27609.25,23201.05,Person_832,3399482488.0,Aquarius,Pink,Sports
REC00833,BMW,2018,107923.0,173685.0,Diesel,Automatic,1.24,73.0,5,1,City_029,28188.84,23688.1,Person_833,3849857511.0,Libra,Blue,Gardening
REC00834,Chevrolet,2009,500.0,805.0,Diesel,Automatic,2.0,119.0,4,2,City_066,21859.96,18369.71,Person_834,3767632717.0,Libra,Orange,Music
REC00835,Mazda,2007,,144961.0,Gasoline,Automatic,,167.0,4,1,City_059,19683.51,16540.77,Person_835,3163244359.0,Pisces,Gray,Gardening
REC00836,Honda,2008,63332.0,101923.0,Diesel,Manual,2.7,132.0,4,2,City_048,21528.52,18091.2,Person_836,3249522890.0,Capricorn,Orange,Sports
REC00837,Toyota,2021,71166.0,114530.0,Gasoline,Manual,2.32,172.0,4,2,City_004,30222.9,25397.4,Person_837,3156357737.0,Sagittarius,Green,Gaming
REC00838,Kia,2023,43705.0,70336.0,Hybrid,Manual,1.72,116.0,5,1,City_051,34305.91,28828.5,Person_838,3383469305.0,Gemini,Black,Cinema
REC00839,Chevrolet,2015,74072.0,119208.0,Gasoline,Manual,2.63,145.0,4,2,City_005,26077.8,21914.11,Person_839,3446936950.0,Aquarius,Orange,Reading
REC00840,Ford,2012,135680.0,218355.0,Gasoline,Manual,1.53,89.0,4,2,City_039,11944.04,10037.01,Person_840,3055443369.0,Aries,Gray,Sports
REC00841,Ford,2016,62144.0,100011.0,Gasoline,Automatic,3.23,212.0,4,2,City_041,29932.25,25153.15,Person_841,3485656490.0,Scorpio,Pink,Sports
REC00842,Volkswagen,2022,118623.0,190905.0,Hybrid,Manual,1.94,136.0,4,2,City_005,25935.57,21794.6,Person_842,3509623072.0,Cancer,Purple,Cinema
REC00843,Honda,2022,47747.0,76841.0,Gasoline,Automatic,0.92,92.0,4,2,City_008,27061.59,22740.83,Person_843,3441293902.0,Taurus,Yellow,Hiking
REC00844,Toyota,2013,110350.0,177591.0,Gasoline,Automatic,1.16,74.0,5,1,City_056,17788.51,14948.32,Person_844,3164697933.0,Leo,Yellow,Cooking
REC00845,Chevrolet,2009,80066.0,128854.0,Electric,Automatic,2.03,136.0,4,2,City_025,25934.2,21793.45,Person_845,3114494070.0,Cancer,Green,Gaming
REC00846,Ford,2021,94081.0,151408.0,Electric,Automatic,2.1,142.0,5,1,City_052,38700.71,32521.61,Person_846,3103765977.0,Aries,Orange,Hiking
REC00847,,2017,80286.0,129208.0,Electric,Manual,3.38,216.0,4,1,City_052,39733.6,33389.58,Person_847,3034190392.0,Pisces,White,Hiking
REC00848,Kia,2010,105665.0,170051.0,Gasoline,Manual,1.27,107.0,5,3,City_007,16992.14,14279.11,Person_848,3412021695.0,Libra,Gray,Gaming
REC00849,Toyota,2018,500.0,805.0,Hybrid,Automatic,2.03,,4,1,City_061,30908.95,25973.91,Person_849,3963685311.0,Cancer,White,Photography
REC00850,Ford,2019,23207.0,37348.0,Gasoline,Manual,1.26,87.0,2,1,City_047,29563.28,24843.1,Person_850,3883594427.0,Scorpio,Gray,Music
REC00851,Hyundai,2018,96683.0,155596.0,Gasoline,Manual,1.66,102.0,4,1,City_066,25151.08,21135.36,Person_851,3211831859.0,Sagittarius,Gray,Cinema
REC00852,Nissan,2008,500.0,805.0,Gasoline,Automatic,,194.0,5,1,City_059,30735.03,25827.75,Person_852,3363433031.0,Scorpio,Pink,Cooking
REC00853,Volkswagen,2022,58777.0,94592.0,Gasoline,Manual,,97.0,2,1,City_005,29028.41,24393.62,Person_853,3664636144.0,Aries,Green,Cinema
REC00854,Kia,2005,77826.0,125249.0,Gasoline,Automatic,2.41,128.0,4,4,City_044,14529.88,12209.98,Person_854,3401523011.0,Scorpio,Yellow,Reading
REC00855,Ford,2016,46874.0,75437.0,Gasoline,Automatic,2.28,162.0,5,1,City_042,30779.16,25864.84,Person_855,3608890467.0,Leo,Green,Hiking
REC00856,Kia,2013,52338.0,84229.0,Hybrid,Automatic,1.98,112.0,2,2,City_061,25439.9,21378.07,Person_856,3958561617.0,Aries,Green,Gardening
REC00857,Honda,2014,90863.0,146230.0,Gasoline,Automatic,2.36,145.0,4,1,City_063,23851.5,20043.28,Person_857,3271435930.0,Sagittarius,Red,Sports
REC00858,,2022,120372.0,193719.0,Gasoline,Manual,1.19,104.0,4,2,City_050,29857.45,25090.3,Person_858,3211900474.0,Sagittarius,Gray,Gardening
REC00859,Volkswagen,2021,,67048.0,Gasoline,Automatic,3.16,199.0,4,4,City_038,33018.02,27746.23,Person_859,3884989202.0,Libra,White,Gaming
REC00860,Chevrolet,2023,56998.0,91729.0,Electric,Manual,3.35,,4,1,City_054,51561.33,43328.85,Person_860,3356222722.0,Libra,Pink,Sports
REC00861,Chevrolet,2008,50750.0,81673.0,Gasoline,Automatic,2.03,114.0,2,3,City_044,16695.96,14030.22,Person_861,3871606472.0,Aquarius,Black,Sports
REC00862,Ford,2020,500.0,805.0,Gasoline,Manual,3.7,208.0,4,4,City_024,39217.31,32955.72,Person_862,3864946470.0,Aries,Gray,Travel
REC00863,Hyundai,2011,85668.0,137870.0,Gasoline,Automatic,1.72,129.0,2,2,City_063,16411.43,13791.12,Person_863,3699788609.0,Sagittarius,Blue,Music
REC00864,Hyundai,2013,117389.0,188918.0,Hybrid,Automatic,2.28,137.0,4,1,City_039,23600.4,19832.27,Person_864,3893431112.0,Aries,Gray,Hiking
REC00865,Honda,2012,120666.0,194192.0,Gasoline,Manual,3.0,178.0,4,2,City_012,21932.07,18430.31,Person_865,3245639095.0,Pisces,Yellow,Music
REC00866,Chevrolet,2011,45169.0,72693.0,Gasoline,Manual,,127.0,4,3,City_063,17221.7,14472.02,Person_866,3081327493.0,Libra,White,Cinema
REC00867,Volkswagen,2014,29932.0,48171.0,Gasoline,Manual,1.03,61.0,4,1,City_009,20017.3,16821.26,Person_867,3613123355.0,Sagittarius,Purple,Cooking
REC00868,Nissan,2012,80864.0,130138.0,Hybrid,Automatic,0.87,72.0,4,1,City_079,18251.23,15337.17,Person_868,3211074223.0,Sagittarius,Purple,Photography
REC00869,Hyundai,2021,113171.0,182131.0,Gasoline,Manual,3.44,210.0,5,1,City_022,39815.79,33458.64,Person_869,3142850657.0,Leo,Yellow,Cooking
REC00870,Chevrolet,2016,86194.0,138715.0,Diesel,Automatic,1.63,110.0,5,1,City_036,26248.72,22057.75,Person_870,3500545884.0,Pisces,Gray,Sports
REC00871,,2018,91572.0,147371.0,Gasoline,Automatic,1.87,115.0,4,3,City_074,29089.27,24444.77,Person_871,3905250223.0,Virgo,Gray,Gardening
REC00872,Volkswagen,2016,125673.0,202251.0,Electric,Automatic,1.22,78.0,5,1,City_028,25879.53,21747.5,Person_872,3904061890.0,Taurus,Black,Cinema
REC00873,Nissan,2006,50435.0,81166.0,Diesel,Automatic,2.66,150.0,5,1,City_056,21138.78,17763.68,Person_873,3842426037.0,Taurus,Yellow,Sports
REC00874,BMW,2016,71201.0,114587.0,Diesel,Manual,1.45,107.0,4,2,City_029,28131.32,23639.76,Person_874,3250325373.0,Capricorn,Gray,Sports
REC00875,,2018,,233973.0,Gasoline,Manual,1.66,,4,1,City_005,23332.86,19607.45,Person_875,3801346831.0,Sagittarius,White,Gaming
REC00876,Ford,2011,72128.0,116078.0,Gasoline,Automatic,2.21,156.0,2,1,City_004,23628.04,19855.5,Person_876,3446040555.0,Aries,Purple,Gardening
REC00877,Mazda,2017,29307.0,47164.0,Gasoline,Automatic,1.26,86.0,4,2,City_051,26026.62,21871.11,Person_877,3679054882.0,Capricorn,Blue,Cooking
REC00878,Mazda,2008,53226.0,85658.0,Diesel,Manual,1.87,107.0,5,1,City_015,19339.26,16251.48,Person_878,3871074122.0,Pisces,Gray,Cooking
REC00879,Honda,2005,42473.0,68353.0,Electric,Manual,2.98,180.0,4,1,City_060,27844.06,23398.37,Person_879,3299197290.0,Pisces,Green,Photography
REC00880,Honda,2021,94287.0,151739.0,Gasoline,Manual,2.3,140.0,4,1,City_026,35111.41,29505.39,Person_880,3573458589.0,Leo,Orange,Gaming
REC00881,Nissan,2007,44162.0,71072.0,Hybrid,Manual,2.09,150.0,3,2,City_023,13227.3,11115.38,Person_881,3001716655.0,Libra,Purple,Cinema
REC00882,BMW,2021,90841.0,146195.0,Gasoline,Manual,,133.0,3,3,City_029,38188.51,32091.19,Person_882,3348912964.0,Pisces,Red,Gaming
REC00883,Chevrolet,2012,50557.0,81364.0,Electric,Automatic,1.73,111.0,4,3,City_057,20615.08,17323.6,Person_883,3470254707.0,Capricorn,Yellow,Gardening
REC00884,Chevrolet,2007,500.0,805.0,Gasoline,Automatic,3.4,228.0,5,1,City_062,28219.41,23713.79,Person_884,3658509319.0,Virgo,Black,Music
REC00885,Ford,2014,92265.0,148485.0,Gasoline,Manual,,106.0,4,2,City_059,21722.74,18254.41,Person_885,3222450282.0,Virgo,Green,Travel
REC00886,Kia,2006,85939.0,138304.0,Gasoline,Automatic,2.15,163.0,5,3,City_048,12457.56,10468.54,Person_886,3612176490.0,Virgo,Yellow,Reading
REC00887,Honda,2008,100710.0,162077.0,Diesel,Manual,2.08,153.0,3,1,City_035,15405.92,12946.15,Person_887,3109554289.0,Scorpio,Gray,Photography
REC00888,Kia,2018,53081.0,85425.0,Diesel,Automatic,2.71,156.0,4,3,City_046,37625.63,31618.17,Person_888,3404091314.0,Libra,Gray,Photography
REC00889,Kia,2015,48818.0,78565.0,Gasoline,Automatic,2.77,187.0,4,3,City_033,25552.23,21472.46,Person_889,3138896905.0,Leo,Gray,Sports
REC00890,Ford,2018,96059.0,154591.0,Gasoline,Automatic,1.98,152.0,5,1,City_071,33907.62,28493.8,Person_890,3182020891.0,Capricorn,Purple,Cooking
REC00891,Kia,2017,140761.0,226532.0,Gasoline,Manual,2.2,164.0,2,1,City_010,26673.9,22415.04,Person_891,3226653091.0,Taurus,Orange,Gaming
REC00892,Kia,2008,80447.0,129466.0,Gasoline,Manual,2.23,157.0,4,1,City_048,19687.12,16543.8,Person_892,3947393083.0,Capricorn,Pink,Hiking
REC00893,Ford,2006,96983.0,156079.0,Gasoline,Automatic,0.8,79.0,4,1,City_044,12230.99,10278.14,Person_893,3854572429.0,Virgo,Blue,Cinema
REC00894,Hyundai,2006,67136.0,108045.0,Diesel,Manual,0.89,64.0,5,3,City_070,12669.52,10646.65,Person_894,3225779813.0,Capricorn,Yellow,Sports
REC00895,Kia,2015,18255.0,29378.0,Diesel,Manual,1.58,94.0,4,3,City_063,19648.74,16511.55,Person_895,3443219006.0,Leo,Red,Music
REC00896,Honda,2009,118697.0,191024.0,Diesel,Manual,1.61,103.0,2,1,City_049,14419.82,12117.5,Person_896,3011713508.0,Cancer,Green,Reading
REC00897,Ford,2013,116337.0,187225.0,Diesel,Automatic,1.16,59.0,4,2,City_072,17515.85,14719.2,Person_897,3066084526.0,Capricorn,Orange,Hiking
REC00898,Volkswagen,2024,108431.0,174502.0,Gasoline,Manual,2.52,179.0,4,2,City_041,36478.92,30654.55,Person_898,3392030916.0,Aquarius,Purple,Cooking
REC00899,Kia,2021,,117035.0,Diesel,Automatic,2.0,126.0,4,1,City_039,35084.65,29482.9,Person_899,3286743542.0,Leo,Orange,Music
REC00900,Hyundai,2016,103882.0,167182.0,Gasoline,Automatic,1.85,141.0,5,2,City_023,25943.12,21800.94,Person_900,3863697719.0,Sagittarius,White,Gaming
REC00901,Honda,2022,115750.0,186282.0,Diesel,Manual,1.12,63.0,4,3,City_013,27630.48,23218.89,Person_901,3017518469.0,Pisces,Black,Gaming
REC00902,Toyota,2007,144806.0,233043.0,Gasoline,Automatic,1.97,145.0,5,1,City_053,16371.12,13757.24,Person_902,3706635262.0,Taurus,Gray,Travel
REC00903,Honda,2009,119541.0,192382.0,Diesel,Manual,0.8,57.0,4,1,City_070,11942.79,10035.96,Person_903,3678791389.0,Virgo,Pink,Hiking
REC00904,BMW,2024,82553.0,132856.0,Gasoline,Automatic,1.89,104.0,4,1,City_057,43310.58,36395.44,Person_904,3944630674.0,Aquarius,Black,Photography
REC00905,Volkswagen,2018,27670.0,44530.0,Gasoline,Automatic,2.04,157.0,5,1,City_076,32274.14,27121.13,Person_905,3380979635.0,Sagittarius,Pink,Photography
REC00906,Mazda,2020,86226.0,138767.0,Diesel,Automatic,2.17,156.0,4,1,City_067,34666.43,29131.45,Person_906,3544949437.0,Pisces,Yellow,Gardening
REC00907,Chevrolet,2023,90263.0,145264.0,Gasoline,Automatic,0.91,73.0,4,1,City_048,27802.28,23363.26,Person_907,3272355967.0,Capricorn,Black,Music
REC00908,BMW,2013,,174390.0,Gasoline,Manual,2.16,,4,2,City_020,34029.25,28596.01,Person_908,3712256432.0,Leo,Red,Cooking
REC00909,Ford,2021,134156.0,215902.0,Diesel,Automatic,1.27,96.0,4,2,City_062,26694.58,22432.42,Person_909,3453333325.0,Pisces,White,Hiking
REC00910,Ford,2011,76194.0,122622.0,Hybrid,Automatic,,102.0,3,1,City_045,20547.88,17267.13,Person_910,3226780042.0,Aquarius,Green,Travel
REC00911,Chevrolet,2014,164039.0,263995.0,Gasoline,Manual,2.5,146.0,4,1,City_063,24727.41,20779.34,Person_911,3741828141.0,Virgo,Gray,Travel
REC00912,Nissan,2008,9629.0,15496.0,Gasoline,Manual,,201.0,4,3,City_008,24357.2,20468.24,Person_912,3194684484.0,Capricorn,Blue,Gardening
REC00913,Nissan,2014,96774.0,155742.0,Gasoline,Manual,2.04,161.0,4,3,City_026,21299.3,17898.57,Person_913,3067844446.0,Pisces,White,Cooking
REC00914,Chevrolet,2007,,77344.0,Diesel,Manual,1.43,139.0,4,1,City_038,21064.36,17701.14,Person_914,3260544363.0,Cancer,Red,Cooking
REC00915,Ford,2013,3711.0,5972.0,Gasoline,Automatic,2.13,161.0,5,1,City_041,33759.06,28368.96,Person_915,3672367161.0,Leo,Pink,Reading
REC00916,Honda,2017,,115758.0,Hybrid,Manual,2.66,173.0,2,3,City_002,23619.24,19848.1,Person_916,3080240543.0,Scorpio,Black,Reading
REC00917,Volkswagen,2005,21713.0,34944.0,Gasoline,Automatic,2.43,149.0,4,1,City_007,19697.18,16552.25,Person_917,3603388631.0,Pisces,Purple,Travel
REC00918,Hyundai,2019,73543.0,118356.0,Gasoline,Manual,3.92,224.0,4,1,City_025,40297.29,33863.27,Person_918,3154925170.0,Aries,Gray,Hiking
REC00919,Mazda,2019,81391.0,130985.0,Gasoline,Manual,1.5,91.0,2,1,City_051,23744.49,19953.35,Person_919,3583763465.0,Aries,Pink,Hiking
REC00920,Volkswagen,2015,124742.0,200752.0,Gasoline,Manual,2.18,131.0,4,1,City_050,21957.78,18451.92,Person_920,3089326476.0,Capricorn,Pink,Cooking
REC00921,Chevrolet,2014,19697.0,31699.0,Diesel,Manual,3.08,222.0,4,1,City_064,36873.43,30986.07,Person_921,3287609198.0,Cancer,Purple,Hiking
REC00922,Ford,2011,116338.0,187227.0,Gasoline,Automatic,3.04,214.0,5,1,City_012,32217.06,27073.16,Person_922,3076746739.0,Capricorn,Yellow,Travel
REC00923,Nissan,2005,83923.0,135061.0,Electric,Automatic,0.8,75.0,5,2,City_053,8533.82,7171.28,Person_923,3162532620.0,Gemini,Yellow,Cinema
REC00924,Ford,2011,121154.0,194978.0,Gasoline,Manual,2.0,115.0,4,3,City_075,16112.88,13540.24,Person_924,3454138659.0,Leo,Purple,Gardening
REC00925,Nissan,2009,,100954.0,Gasoline,Automatic,3.04,201.0,4,4,City_010,24596.0,20668.91,Person_925,3755530837.0,Aquarius,Orange,Photography
REC00926,Volkswagen,2020,26710.0,42986.0,Gasoline,Automatic,4.02,238.0,4,1,City_061,46706.51,39249.17,Person_926,3014293887.0,Capricorn,Purple,Photography
REC00927,BMW,2012,31300.0,50372.0,Hybrid,Automatic,2.49,125.0,4,1,City_055,37091.71,31169.5,Person_927,3694918088.0,Scorpio,Gray,Travel
REC00928,Honda,2006,28328.0,45589.0,Diesel,Automatic,1.74,120.0,4,2,City_068,22410.54,18832.39,Person_928,3434358649.0,Aries,Yellow,Travel
REC00929,Volkswagen,2012,99113.0,159506.0,Gasoline,Automatic,1.29,79.0,4,2,City_042,16281.98,13682.34,Person_929,3628042898.0,Leo,Yellow,Reading
REC00930,Honda,2018,139077.0,223822.0,Electric,Automatic,3.55,203.0,4,1,City_066,43948.77,36931.74,Person_930,3916855795.0,Leo,Orange,Photography
REC00931,Kia,2008,57402.0,92379.0,Gasoline,Manual,2.51,154.0,4,1,City_044,21105.03,17735.32,Person_931,3690874485.0,Taurus,Pink,Cooking
REC00932,Volkswagen,2019,105165.0,169247.0,Diesel,Manual,1.41,90.0,4,1,City_028,25048.56,21049.21,Person_932,3413623285.0,Leo,Purple,Photography
REC00933,Toyota,2011,19062.0,30678.0,Hybrid,Automatic,1.86,122.0,4,1,City_078,20606.97,17316.78,Person_933,3903212166.0,Scorpio,Green,Travel
REC00934,Toyota,2024,87213.0,140355.0,Diesel,Automatic,2.22,141.0,4,1,City_058,38002.37,31934.76,Person_934,3596023822.0,Capricorn,Gray,Gardening
REC00935,Honda,2012,106743.0,171785.0,Hybrid,Automatic,2.38,123.0,4,4,City_002,17960.47,15092.83,Person_935,3683394896.0,Libra,Red,Music
REC00936,,2015,,35526.0,Hybrid,Automatic,,,4,1,City_055,27327.13,22963.97,Person_936,3981046061.0,Pisces,Black,Gardening
REC00937,Honda,2006,71845.0,115622.0,Electric,Manual,1.57,92.0,5,4,City_034,15389.17,12932.08,Person_937,3389619917.0,Taurus,White,Photography
REC00938,Chevrolet,2013,108637.0,174833.0,Gasoline,Automatic,0.84,52.0,5,3,City_020,14412.1,12111.01,Person_938,3052935912.0,Virgo,Pink,Reading
REC00939,Toyota,2010,500.0,805.0,Gasoline,Automatic,2.73,165.0,4,1,City_047,29984.75,25197.27,Person_939,3047694639.0,Capricorn,Black,Music
REC00940,Ford,2005,133418.0,214715.0,Diesel,Automatic,1.76,115.0,4,2,City_026,8077.39,6787.72,Person_940,3430555201.0,Aquarius,Red,Hiking
REC00941,,2007,94147.0,151515.0,Diesel,Automatic,2.33,170.0,4,2,City_001,16305.12,13701.78,Person_941,3775827405.0,Aquarius,Yellow,Gaming
REC00942,Honda,2014,108669.0,174886.0,Gasoline,Manual,3.0,189.0,4,1,City_065,29303.39,24624.7,Person_942,3808814595.0,Aries,Blue,Cinema
REC00943,Mazda,2009,63491.0,102179.0,Gasoline,Manual,2.15,147.0,2,1,City_075,24243.32,20372.54,Person_943,3702939138.0,Capricorn,Yellow,Travel
REC00944,Hyundai,2016,11091.0,17849.0,Hybrid,Automatic,1.92,130.0,4,2,City_015,34041.91,28606.64,Person_944,3874896642.0,Capricorn,Purple,Photography
REC00945,Hyundai,2005,101363.0,163127.0,Electric,Manual,2.14,141.0,4,2,City_014,21753.03,18279.86,Person_945,3632207050.0,Gemini,Pink,Cooking
REC00946,Nissan,2013,76696.0,123431.0,Gasoline,Automatic,,137.0,4,2,City_055,26233.21,22044.72,Person_946,3143196484.0,Aquarius,Green,Music
REC00947,Kia,2017,81285.0,130815.0,Gasoline,Automatic,2.87,149.0,4,1,City_001,26485.51,22256.73,Person_947,3032437487.0,Aquarius,Green,Cooking
REC00948,,2023,123504.0,198760.0,Gasoline,Manual,2.22,138.0,4,1,City_033,38514.26,32364.93,Person_948,3496408566.0,Virgo,Yellow,Photography
REC00949,,2011,110483.0,177804.0,Gasoline,Automatic,1.62,126.0,4,1,City_070,21183.42,17801.19,Person_949,3793461340.0,Sagittarius,Purple,Cinema
REC00950,Hyundai,2020,156849.0,252424.0,Diesel,Automatic,2.73,229.0,4,1,City_056,33813.65,28414.83,Person_950,3111956763.0,Aries,White,Cinema
REC00951,Honda,2012,86154.0,138651.0,Hybrid,Automatic,2.86,159.0,4,2,City_023,24832.68,20867.8,Person_951,3899992086.0,Pisces,Black,Gardening
REC00952,,2023,52352.0,84251.0,Gasoline,Manual,1.06,85.0,2,3,City_054,23786.53,19988.68,Person_952,3270595869.0,Virgo,Yellow,Cooking
REC00953,Toyota,2011,72463.0,116618.0,Diesel,Automatic,3.07,180.0,4,2,City_003,24214.69,20348.48,Person_953,3164003133.0,Taurus,Orange,Photography
REC00954,Kia,2008,96627.0,155505.0,Diesel,Automatic,2.26,175.0,4,2,City_046,25632.03,21539.52,Person_954,3397011542.0,Sagittarius,Yellow,Gaming
REC00955,BMW,2014,,194142.0,Gasoline,Automatic,2.2,121.0,4,2,City_006,28347.95,23821.81,Person_955,3380275762.0,Taurus,Green,Hiking
REC00956,Chevrolet,2005,21319.0,34309.0,Diesel,Automatic,2.7,178.0,4,2,City_025,19174.88,16113.34,Person_956,3350838568.0,Pisces,Purple,Cooking
REC00957,,2021,80342.0,129297.0,Diesel,Automatic,1.6,87.0,4,2,City_017,24896.12,20921.11,Person_957,3491470293.0,Gemini,Blue,Gaming
REC00958,Toyota,2017,144382.0,232359.0,Hybrid,Manual,2.67,162.0,2,1,City_028,24725.04,20777.34,Person_958,3109857834.0,Pisces,Yellow,Music
REC00959,Nissan,2023,70392.0,113284.0,Gasoline,Manual,1.74,115.0,4,4,City_032,28277.28,23762.42,Person_959,3670379211.0,Taurus,Orange,Reading
REC00960,,2017,,188680.0,Diesel,Automatic,0.97,89.0,4,1,City_023,33822.04,28421.88,Person_960,3841941338.0,Aquarius,Yellow,Cooking
REC00961,Toyota,2013,99725.0,160491.0,Gasoline,Automatic,,75.0,2,1,City_016,16607.48,13955.86,Person_961,3734934073.0,Cancer,Gray,Sports
REC00962,,2009,118234.0,190279.0,Gasoline,Automatic,2.4,162.0,3,1,City_026,17018.0,14300.84,Person_962,3902737978.0,Cancer,Purple,Travel
REC00963,Hyundai,2005,47610.0,76620.0,Gasoline,Manual,1.34,94.0,4,1,City_033,15143.88,12725.95,Person_963,3493152935.0,Capricorn,Blue,Cooking
REC00964,Toyota,2006,,76901.0,Gasoline,Automatic,3.13,196.0,4,2,City_058,23811.94,20010.03,Person_964,3712521389.0,Aries,Black,Sports
REC00965,BMW,2015,80811.0,130052.0,Gasoline,Manual,2.83,190.0,4,1,City_048,43746.92,36762.12,Person_965,3382249470.0,Scorpio,Yellow,Gardening
REC00966,,2008,18711.0,30113.0,Gasoline,Automatic,,162.0,4,3,City_055,22291.99,18732.76,Person_966,3735423805.0,Leo,Pink,Cooking
REC00967,Honda,2013,69210.0,111383.0,Diesel,Manual,,147.0,5,1,City_041,24844.91,20878.07,Person_967,3393608624.0,Pisces,Purple,Sports
REC00968,Volkswagen,2009,90115.0,145026.0,Diesel,Automatic,2.18,131.0,5,1,City_062,19907.03,16728.59,Person_968,3243502451.0,Scorpio,Pink,Reading
REC00969,Hyundai,2009,151385.0,243631.0,Gasoline,Manual,1.16,,4,1,City_017,13205.79,11097.31,Person_969,3574605518.0,Virgo,Gray,Sports
REC00970,BMW,2012,96109.0,154672.0,Gasoline,Automatic,2.7,173.0,4,2,City_059,33380.82,28051.11,Person_970,3081813614.0,Taurus,Purple,Reading
REC00971,Nissan,2006,105009.0,168995.0,Diesel,Manual,2.27,141.0,4,3,City_014,13014.98,10936.96,Person_971,3492273686.0,Libra,Blue,Hiking
REC00972,Nissan,2011,,203709.0,Gasoline,Automatic,2.4,143.0,5,1,City_021,16211.74,13623.31,Person_972,3295105963.0,Capricorn,Blue,Hiking
REC00973,Ford,2021,41414.0,66649.0,Gasoline,Automatic,3.18,207.0,4,1,City_063,39006.42,32778.51,Person_973,3335367912.0,Sagittarius,Blue,Music
REC00974,Volkswagen,2015,,118120.0,Diesel,Automatic,1.58,126.0,4,4,City_046,22628.02,19015.14,Person_974,3151332779.0,Libra,Black,Music
REC00975,Toyota,2019,177017.0,284880.0,Gasoline,Manual,1.91,117.0,4,1,City_055,26787.18,22510.24,Person_975,3963130130.0,Aquarius,Red,Hiking
REC00976,Ford,2007,76835.0,123654.0,Gasoline,Manual,2.23,126.0,4,1,City_062,17545.07,14743.76,Person_976,3426788523.0,Leo,Purple,Reading
REC00977,Nissan,2017,124657.0,200616.0,Gasoline,Automatic,1.35,104.0,4,1,City_039,26419.63,22201.37,Person_977,3471575562.0,Cancer,Blue,Photography
REC00978,Toyota,2022,118550.0,190786.0,Gasoline,Manual,1.87,101.0,4,1,City_042,28916.93,24299.94,Person_978,3702290491.0,Aquarius,Yellow,Hiking
REC00979,Ford,2024,20875.0,33596.0,Electric,Manual,2.35,129.0,3,1,City_048,40292.05,33858.86,Person_979,3095459237.0,Scorpio,Pink,Photography
REC00980,Toyota,2024,92419.0,148734.0,Gasoline,Automatic,1.77,102.0,4,1,City_028,26970.18,22664.02,Person_980,3561532647.0,Virgo,Orange,Cinema
REC00981,Chevrolet,2007,85870.0,138194.0,Gasoline,Automatic,2.92,,5,3,City_006,23643.1,19868.15,Person_981,3056845034.0,Leo,Gray,Cooking
REC00982,Volkswagen,2006,93198.0,149988.0,Diesel,Manual,0.94,52.0,4,2,City_059,7338.51,6166.82,Person_982,3315545743.0,Libra,Blue,Gaming
REC00983,Hyundai,2009,49836.0,80202.0,Gasoline,Manual,2.79,144.0,4,3,City_070,18209.45,15302.06,Person_983,3152439775.0,Aquarius,Yellow,Cooking
REC00984,Hyundai,2024,35323.0,56847.0,Gasoline,Automatic,2.46,138.0,4,2,City_039,30265.17,25432.91,Person_984,3041686757.0,Gemini,Yellow,Gardening
REC00985,Hyundai,2009,60960.0,98105.0,Hybrid,Automatic,1.6,118.0,3,2,City_057,16762.77,14086.36,Person_985,3872873480.0,Sagittarius,Blue,Gardening
REC00986,Nissan,2017,76088.0,122452.0,Hybrid,Manual,1.35,75.0,4,2,City_054,23281.3,19564.12,Person_986,3187222824.0,Cancer,Blue,Gaming
REC00987,Chevrolet,2012,127399.0,205029.0,Gasoline,Manual,0.8,59.0,4,3,City_060,8943.61,7515.64,Person_987,3160385317.0,Pisces,Black,Gardening
REC00988,Mazda,2020,152692.0,245734.0,Gasoline,Automatic,1.44,129.0,5,1,City_017,22385.19,18811.08,Person_988,3550822212.0,Cancer,Yellow,Gaming
REC00989,Volkswagen,2022,135864.0,218651.0,Diesel,Manual,2.73,170.0,4,1,City_040,32377.18,27207.71,Person_989,3274631970.0,Scorpio,Orange,Gaming
REC00990,BMW,2020,114407.0,184120.0,Gasoline,Automatic,1.96,133.0,4,2,City_066,40879.69,34352.68,Person_990,3643948158.0,Virgo,Yellow,Gardening
REC00991,Kia,2005,39826.0,64094.0,Gasoline,Automatic,2.81,161.0,2,4,City_054,13783.86,11583.07,Person_991,3204377506.0,Aquarius,Orange,Sports
REC00992,Mazda,2012,,102425.0,Gasoline,Automatic,1.57,139.0,4,4,City_071,16789.34,14108.69,Person_992,3633063883.0,Aries,Black,Gaming
REC00993,,2006,88397.0,142261.0,Gasoline,Automatic,2.49,149.0,4,2,City_044,31050.21,26092.62,Person_993,3793016291.0,Taurus,Red,Reading
REC00994,Hyundai,2009,54702.0,88035.0,Gasoline,Manual,,99.0,4,1,City_067,19932.39,16749.91,Person_994,3308764628.0,Sagittarius,Pink,Reading
REC00995,BMW,2019,103088.0,165904.0,Gasoline,Manual,1.32,113.0,4,1,City_057,35863.96,30137.78,Person_995,3929797167.0,Virgo,Orange,Gardening
REC00996,Toyota,2018,108819.0,175127.0,Diesel,Automatic,1.93,123.0,4,3,City_036,22091.9,18564.62,Person_996,3284101738.0,Libra,Red,Gaming
REC00997,Toyota,2007,101452.0,163270.0,Gasoline,Automatic,1.53,105.0,4,1,City_057,14826.44,12459.19,Person_997,3740580615.0,Aquarius,Green,Travel
REC00998,BMW,2011,121005.0,194739.0,Gasoline,Manual,0.92,66.0,5,1,City_043,21860.67,18370.31,Person_998,3412830972.0,Sagittarius,Green,Cooking
REC00999,,2008,43816.0,70515.0,Gasoline,Manual,1.87,,4,3,City_044,14677.66,12334.17,Person_999,3606955034.0,Gemini,Black,Hiking
REC01000,Ford,2015,117313.0,188797.0,Diesel,Manual,2.07,140.0,4,1,City_062,21633.97,18179.8,Person_1000,3816928475.0,Leo,Purple,Travel
REC01001,Kia,2016,52174.0,83966.0,Gasoline,Manual,2.89,187.0,4,2,City_061,34483.75,28977.94,Person_1001,3853519517.0,Leo,Red,Gaming
REC01002,Nissan,2019,42363.0,68176.0,Gasoline,Automatic,2.66,156.0,5,2,City_011,33142.24,27850.62,Person_1002,3098984461.0,Capricorn,Red,Gaming
REC01003,BMW,2010,101285.0,163001.0,Gasoline,Automatic,,165.0,4,1,City_077,34853.75,29288.86,Person_1003,3558068630.0,Libra,Gray,Photography
REC01004,Volkswagen,2005,128635.0,207017.0,Gasoline,Automatic,2.5,149.0,4,1,City_033,16943.55,14238.28,Person_1004,3346003484.0,Taurus,White,Reading
REC01005,Honda,2022,99521.0,160162.0,Electric,Manual,2.23,122.0,2,1,City_066,39240.27,32975.02,Person_1005,3695030297.0,Cancer,Black,Cinema
REC01006,Chevrolet,2018,80832.0,130086.0,Diesel,Manual,1.14,59.0,4,2,City_023,20625.59,17332.43,Person_1006,3782444245.0,Aquarius,Green,Hiking
REC01007,,2011,92406.0,148713.0,Gasoline,Manual,2.1,140.0,4,1,City_049,20909.48,17570.99,Person_1007,3436721806.0,Cancer,Green,Music
REC01008,,2014,85457.0,137529.0,Diesel,Manual,2.42,167.0,4,1,City_020,25311.45,21270.13,Person_1008,3050983538.0,Pisces,Yellow,Gaming
REC01009,Volkswagen,2013,34962.0,56266.0,Gasoline,Manual,3.02,199.0,4,4,City_015,24019.19,20184.2,Person_1009,3445014856.0,Scorpio,Gray,Cinema
REC01010,Honda,2006,30295.0,48755.0,Gasoline,Manual,,121.0,4,1,City_066,17388.05,14611.8,Person_1010,3417155289.0,Capricorn,Blue,Cooking
REC01011,Nissan,2012,76847.0,123673.0,Gasoline,Automatic,2.87,174.0,4,1,City_030,26830.22,22546.4,Person_1011,3497754824.0,Gemini,Pink,Gaming
REC01012,Ford,2005,83194.0,133888.0,Diesel,Automatic,1.28,74.0,2,1,City_004,6673.64,5608.1,Person_1012,3298360898.0,Taurus,Yellow,Travel
REC01013,,2024,80453.0,129477.0,Gasoline,Manual,1.77,120.0,4,1,City_064,29200.79,24538.48,Person_1013,3234513144.0,Sagittarius,Gray,Reading
REC01014,,2006,107044.0,172270.0,Gasoline,Automatic,,140.0,4,4,City_065,16285.69,13685.46,Person_1014,3715511951.0,Pisces,Green,Hiking
REC01015,Nissan,2011,71381.0,114876.0,Gasoline,Automatic,2.81,184.0,3,1,City_008,28179.07,23679.89,Person_1015,3782242956.0,Aquarius,Gray,Reading
REC01016,Hyundai,2020,102519.0,164988.0,Gasoline,Automatic,1.9,124.0,4,1,City_052,27703.61,23280.35,Person_1016,3930755929.0,Cancer,Purple,Cooking
REC01017,Chevrolet,2008,74217.0,119440.0,Diesel,Automatic,1.94,98.0,4,3,City_014,21778.7,18301.43,Person_1017,3264102352.0,Sagittarius,Pink,Cooking
REC01018,Kia,2021,152934.0,246123.0,Hybrid,Automatic,2.48,,4,2,City_058,23850.51,20042.44,Person_1018,3713920607.0,Virgo,Blue,Cinema
REC01019,Kia,2008,83229.0,133943.0,Diesel,Automatic,1.21,,4,1,City_011,17623.0,14809.24,Person_1019,3620654999.0,Aries,White,Reading
REC01020,BMW,2007,,279428.0,Diesel,Manual,3.13,193.0,4,3,City_059,26559.14,22318.61,Person_1020,3733686901.0,Aquarius,Black,Music
REC01021,Kia,2013,94080.0,151407.0,Hybrid,Automatic,,75.0,4,2,City_024,19829.73,16663.64,Person_1021,3202897213.0,Gemini,Red,Music
REC01022,Kia,2019,71453.0,114992.0,Gasoline,Automatic,0.8,50.0,5,1,City_032,23102.98,19414.27,Person_1022,3876297912.0,Libra,Purple,Gaming
REC01023,Ford,2024,44022.0,70846.0,Gasoline,Automatic,2.01,131.0,4,2,City_046,29304.19,24625.37,Person_1023,3818041635.0,Sagittarius,Red,Photography
REC01024,Chevrolet,2007,,35863.0,Gasoline,Automatic,3.19,174.0,4,3,City_028,24148.67,20293.0,Person_1024,3587990459.0,Scorpio,Gray,Photography
REC01025,Ford,2016,40342.0,64924.0,Gasoline,Automatic,2.41,2000.0,4,1,City_016,30884.61,25953.45,Person_1025,3118182644.0,Pisces,Pink,Hiking
REC01026,Toyota,2019,44816.0,72124.0,Gasoline,Automatic,2.53,152.0,4,2,City_042,26098.38,21931.41,Person_1026,3135403477.0,Leo,Yellow,Cooking
REC01027,Volkswagen,2024,95793.0,154163.0,Gasoline,Manual,2.03,124.0,4,4,City_016,35071.09,29471.5,Person_1027,3986652027.0,Pisces,Orange,Cinema
REC01028,Honda,2012,58953.0,94876.0,Gasoline,Automatic,1.89,111.0,4,2,City_012,22361.91,18791.52,Person_1028,3786827976.0,Scorpio,Red,Photography
REC01029,,2016,87477.0,140780.0,Gasoline,Automatic,0.92,60.0,4,1,City_076,21986.31,18475.89,Person_1029,3207460629.0,Taurus,Black,Sports
REC01030,Honda,2017,131279.0,211273.0,Electric,Automatic,0.8,64.0,4,1,City_062,21185.94,17803.31,Person_1030,3530985320.0,Gemini,Green,Music
REC01031,,2019,76488.0,123095.0,Gasoline,Automatic,2.14,127.0,2,2,City_034,30798.0,25880.68,Person_1031,3369919345.0,Scorpio,Yellow,Photography
REC01032,Ford,2015,163166.0,262590.0,Gasoline,Manual,2.92,,4,1,City_038,30413.8,25557.82,Person_1032,3196980947.0,Sagittarius,Yellow,Cooking
REC01033,Nissan,2021,32968.0,53056.0,Diesel,Automatic,2.24,138.0,4,4,City_047,31438.77,26419.14,Person_1033,3684807426.0,Capricorn,Orange,Photography
REC01034,Honda,2016,,119054.0,Gasoline,Manual,2.44,157.0,4,1,City_079,29713.99,24969.74,Person_1034,3597182115.0,Scorpio,Gray,Cinema
REC01035,Nissan,2024,58427.0,94030.0,Gasoline,Automatic,3.11,,4,1,City_022,39705.88,33366.28,Person_1035,3330712160.0,Cancer,Gray,Cinema
REC01036,BMW,2022,,189034.0,Gasoline,Manual,2.23,,4,2,City_080,40158.05,33746.26,Person_1036,3341480657.0,Virgo,Green,Music
REC01037,Chevrolet,2020,,805.0,Diesel,Automatic,1.91,145.0,2,2,City_003,31974.49,26869.32,Person_1037,3625788451.0,Aquarius,Red,Gardening
REC01038,BMW,2007,22275.0,35849.0,Hybrid,Automatic,1.43,111.0,4,1,City_001,29689.21,24948.92,Person_1038,3749155081.0,Leo,Black,Travel
REC01039,Volkswagen,2013,75706.0,121837.0,Diesel,Automatic,3.42,211.0,4,1,City_053,29801.5,25043.28,Person_1039,3110018147.0,Pisces,Blue,Gaming
REC01040,,2011,142055.0,228615.0,Gasoline,Automatic,2.37,144.0,4,2,City_064,30704.03,25801.71,Person_1040,3216905748.0,Cancer,White,Gaming
REC01041,,2023,89034.0,143285.0,Gasoline,Automatic,1.34,88.0,4,3,City_044,23804.86,20004.08,Person_1041,3156451544.0,Sagittarius,Yellow,Gaming
REC01042,Kia,2009,25938.0,41743.0,Gasoline,Automatic,1.18,,4,2,City_047,15382.88,12926.79,Person_1042,3394931632.0,Capricorn,Pink,Photography
REC01043,Ford,2023,32113.0,51681.0,Electric,Manual,2.88,178.0,4,1,City_038,48529.24,40780.87,Person_1043,3247939687.0,Gemini,Purple,Travel
REC01044,BMW,2014,146920.0,236444.0,Diesel,Automatic,,101.0,4,1,City_063,25667.08,21568.97,Person_1044,3955744626.0,Aries,Blue,Sports
REC01045,Volkswagen,2024,55155.0,88763.0,Gasoline,Manual,3.3,190.0,4,3,City_041,41511.81,34883.87,Person_1045,3486796680.0,Libra,Purple,Cooking
REC01046,Chevrolet,2016,42281.0,68045.0,Diesel,Automatic,,63.0,4,3,City_021,20740.39,17428.9,Person_1046,3200907375.0,Capricorn,Gray,Cooking
REC01047,Mazda,2012,139095.0,223851.0,Gasoline,Manual,3.0,175.0,4,1,City_045,24552.97,20632.75,Person_1047,3659903706.0,Scorpio,Orange,Travel
REC01048,Volkswagen,2007,120444.0,193835.0,Electric,Automatic,2.34,152.0,4,2,City_013,26434.9,22214.2,Person_1048,3482178551.0,Aquarius,Green,Photography
REC01049,Ford,2023,130962.0,210763.0,Hybrid,Automatic,,126.0,5,1,City_066,31435.65,26416.51,Person_1049,3673542904.0,Gemini,Green,Gardening
REC01050,Honda,2015,41998.0,67590.0,Gasoline,Manual,1.88,112.0,4,2,City_066,28387.2,23854.79,Person_1050,3405853006.0,Gemini,Blue,Hiking
REC01051,Toyota,2012,18996.0,30571.0,Diesel,Automatic,3.32,193.0,4,3,City_043,35386.26,29736.35,Person_1051,3947856307.0,Virgo,Red,Gardening
REC01052,Chevrolet,2017,85327.0,137320.0,Gasoline,Automatic,2.49,165.0,4,1,City_062,30002.16,25211.9,Person_1052,3180274271.0,Taurus,Green,Cooking
REC01053,Nissan,2014,93405.0,150320.0,Gasoline,Automatic,1.37,94.0,4,2,City_048,21237.45,17846.6,Person_1053,3415016367.0,Virgo,Gray,Sports
REC01054,Toyota,2022,,152218.0,Diesel,Automatic,0.8,58.0,5,1,City_026,22997.54,19325.66,Person_1054,3224483515.0,Leo,Purple,Hiking
REC01055,Volkswagen,2016,139127.0,223903.0,Gasoline,Automatic,2.12,141.0,4,1,City_061,21887.69,18393.02,Person_1055,3382495220.0,Libra,Pink,Gardening
REC01056,,2011,10649.0,17138.0,Gasoline,Automatic,2.0,124.0,4,2,City_062,23125.44,19433.14,Person_1056,3581196651.0,Sagittarius,Pink,Travel
REC01057,Volkswagen,2015,,184089.0,Diesel,Manual,0.94,88.0,4,1,City_014,15105.3,12693.53,Person_1057,3600836470.0,Sagittarius,White,Music
REC01058,Toyota,2014,36135.0,58153.0,Diesel,Manual,1.96,113.0,3,2,City_054,21948.38,18444.02,Person_1058,3653654449.0,Aries,White,Gaming
REC01059,BMW,2007,114229.0,183834.0,Gasoline,Manual,1.6,105.0,4,1,City_041,25595.68,21508.98,Person_1059,3656514470.0,Libra,Black,Reading
REC01060,Ford,2011,61002.0,98173.0,Gasoline,Automatic,2.01,109.0,5,2,City_060,19115.58,16063.51,Person_1060,3753546383.0,Gemini,Blue,Music
REC01061,Chevrolet,2008,47441.0,76349.0,Diesel,Manual,2.51,153.0,4,1,City_009,25535.98,21458.8,Person_1061,3726886898.0,Cancer,Purple,Gaming
REC01062,Ford,2012,,89486.0,Gasoline,Automatic,3.04,162.0,4,2,City_044,28354.46,23827.28,Person_1062,3455784453.0,Taurus,Red,Sports
REC01063,Chevrolet,2012,22176.0,35688.0,Hybrid,Manual,2.64,176.0,3,2,City_056,34008.89,28578.9,Person_1063,3216868156.0,Aries,White,Travel
REC01064,Chevrolet,2010,81617.0,131350.0,Gasoline,Manual,1.49,114.0,4,4,City_003,16103.7,13532.52,Person_1064,3440921861.0,Capricorn,Yellow,Gardening
REC01065,Honda,2017,49093.0,79007.0,Gasoline,Manual,2.26,,3,3,City_059,31780.21,26706.06,Person_1065,3989213925.0,Gemini,Green,Travel
REC01066,Volkswagen,2016,111452.0,179364.0,Gasoline,Automatic,2.04,133.0,4,1,City_073,26860.18,22571.58,Person_1066,3714751097.0,Capricorn,Red,Hiking
REC01067,Mazda,2007,105602.0,169950.0,Gasoline,Automatic,1.07,66.0,2,1,City_013,12190.08,10243.77,Person_1067,3141858497.0,Sagittarius,White,Music
REC01068,Hyundai,2010,147526.0,237420.0,Diesel,Automatic,2.28,133.0,4,2,City_030,20992.51,17640.76,Person_1068,3895031912.0,Aries,Purple,Cinema
REC01069,Ford,2023,94653.0,152329.0,Gasoline,Automatic,3.3,224.0,4,2,City_053,41783.79,35112.42,Person_1069,3021407655.0,Gemini,Red,Gaming
REC01070,,2015,100827.0,162265.0,Gasoline,Automatic,2.02,153.0,4,1,City_080,26727.6,22460.16,Person_1070,3423142086.0,Aquarius,Red,Travel
REC01071,Volkswagen,2008,136004.0,218877.0,Hybrid,Automatic,,70.0,4,1,City_051,11070.15,9302.65,Person_1071,3864047578.0,Leo,Purple,Gaming
REC01072,,2019,54893.0,88342.0,Gasoline,Automatic,2.02,123.0,4,2,City_042,30868.64,25940.04,Person_1072,3290488893.0,Gemini,White,Gaming
REC01073,Kia,2006,20470.0,32943.0,Gasoline,Automatic,1.15,104.0,2,3,City_026,11579.7,9730.84,Person_1073,3469287419.0,Cancer,Purple,Sports
REC01074,BMW,2019,88004.0,141628.0,Gasoline,Manual,2.6,153.0,2,3,City_059,36794.69,30919.91,Person_1074,3047929935.0,Cancer,Orange,Hiking
REC01075,Toyota,2021,23095.0,37167.0,Gasoline,Automatic,2.37,154.0,2,1,City_069,40821.57,34303.84,Person_1075,3710019246.0,Aries,Orange,Sports
REC01076,Kia,2006,178158.0,286716.0,Gasoline,Manual,1.88,144.0,4,1,City_079,18544.5,15583.61,Person_1076,3754769416.0,Virgo,Pink,Sports
REC01077,Nissan,2011,138220.0,222443.0,Gasoline,Manual,1.77,105.0,2,1,City_003,14705.62,12357.66,Person_1077,3764637875.0,Aquarius,Pink,Sports
REC01078,,2020,,268050.0,Gasoline,Automatic,1.85,134.0,4,1,City_041,24352.68,20464.44,Person_1078,3453494030.0,Pisces,Purple,Gardening
REC01079,Hyundai,2009,82498.0,132767.0,Hybrid,Automatic,2.01,138.0,4,2,City_001,22486.18,18895.95,Person_1079,3939419297.0,Libra,Pink,Hiking
REC01080,Mazda,2020,102023.0,164190.0,Gasoline,Manual,1.46,100.0,5,2,City_065,26761.34,22488.52,Person_1080,3887948051.0,Pisces,White,Gaming
REC01081,Volkswagen,2023,,99169.0,Diesel,Automatic,,62.0,4,1,City_070,30302.71,25464.46,Person_1081,3478244557.0,Libra,Pink,Gaming
REC01082,Kia,2006,115317.0,185584.0,Diesel,Automatic,2.8,163.0,4,1,City_075,22301.17,18740.48,Person_1082,3292393531.0,Virgo,Blue,Hiking
REC01083,Hyundai,2019,31378.0,50498.0,Gasoline,Automatic,1.73,120.0,4,1,City_050,30046.0,25248.74,Person_1083,3937019577.0,Libra,Blue,Hiking
REC01084,Mazda,2008,500.0,805.0,Gasoline,Automatic,2.12,115.0,4,3,City_080,20825.59,17500.49,Person_1084,3615539274.0,Gemini,White,Music
REC01085,BMW,2006,48372.0,77846.0,Gasoline,Automatic,2.2,143.0,4,1,City_059,30360.04,25512.64,Person_1085,3442051677.0,Leo,Green,Cooking
REC01086,BMW,2014,,35053.0,Gasoline,Manual,,151.0,5,1,City_074,36374.26,30566.61,Person_1086,3031641154.0,Libra,Blue,Gaming
REC01087,Honda,2009,139117.0,223887.0,Hybrid,Manual,1.18,100.0,4,2,City_063,13033.26,10952.32,Person_1087,3505983489.0,Capricorn,Orange,Photography
REC01088,Mazda,2022,152627.0,245629.0,Diesel,Manual,0.83,,4,2,City_025,24105.2,20256.47,Person_1088,3940690609.0,Leo,Purple,Hiking
REC01089,Mazda,2008,23883.0,38436.0,Hybrid,Automatic,,127.0,4,3,City_010,16734.14,14062.3,Person_1089,3746613389.0,Capricorn,Orange,Photography
REC01090,Nissan,2005,131669.0,211900.0,Hybrid,Automatic,2.28,171.0,4,1,City_077,17176.21,14433.79,Person_1090,3127244215.0,Taurus,White,Travel
REC01091,Mazda,2022,118055.0,189991.0,Gasoline,Automatic,1.49,108.0,4,2,City_001,27424.37,23045.69,Person_1091,3321830876.0,Virgo,Pink,Photography
REC01092,Kia,2024,17209.0,27695.0,Gasoline,Automatic,1.75,101.0,4,1,City_014,34521.26,29009.46,Person_1092,3290803652.0,Libra,Pink,Photography
REC01093,Nissan,2010,64389.0,103624.0,Gasoline,Automatic,3.49,207.0,4,3,City_021,29177.16,24518.62,Person_1093,3758702635.0,Aquarius,Blue,Gardening
REC01094,Mazda,2024,56793.0,91400.0,Hybrid,Manual,0.8,63.0,4,2,City_058,25417.85,21359.54,Person_1094,3163284653.0,Taurus,Gray,Reading
REC01095,Ford,2024,109920.0,176898.0,Hybrid,Manual,1.47,,4,3,City_038,31431.51,26413.04,Person_1095,3943374213.0,Capricorn,Black,Music
REC01096,Honda,2018,,49646.0,Gasoline,Automatic,3.33,203.0,4,1,City_001,40441.65,33984.58,Person_1096,3700460935.0,Scorpio,Pink,Music
REC01097,Honda,2014,76045.0,122382.0,Gasoline,Automatic,1.97,133.0,4,2,City_005,20989.51,17638.24,Person_1097,3477671718.0,Leo,Green,Cooking
REC01098,Ford,2022,52563.0,84591.0,Gasoline,Automatic,1.51,101.0,5,1,City_044,36134.8,30365.38,Person_1098,3645545190.0,Aquarius,Black,Hiking
REC01099,Nissan,2013,98934.0,159218.0,Hybrid,Automatic,2.82,179.0,4,1,City_065,28401.99,23867.22,Person_1099,3041708779.0,Scorpio,Orange,Photography
REC01100,BMW,2016,71328.0,114792.0,Electric,Automatic,2.04,125.0,4,1,City_057,40513.42,34044.89,Person_1100,3462902364.0,Gemini,Blue,Hiking
REC01101,Ford,2014,,94292.0,Gasoline,Automatic,1.76,112.0,4,2,City_045,26262.03,22068.93,Person_1101,3397870566.0,Taurus,White,Travel
REC01102,Volkswagen,2023,71468.0,115017.0,Gasoline,Manual,2.13,129.0,2,1,City_060,35777.63,30065.23,Person_1102,3243497003.0,Libra,Yellow,Gaming
REC01103,Toyota,2010,161442.0,259815.0,Gasoline,Automatic,1.54,133.0,3,3,City_066,7970.16,6697.61,Person_1103,3259189274.0,Leo,White,Travel
REC01104,Hyundai,2018,63324.0,101910.0,Gasoline,Manual,1.29,113.0,4,2,City_047,23661.58,19883.68,Person_1104,3934762255.0,Leo,Green,Photography
REC01105,BMW,2012,38360.0,61734.0,Hybrid,Manual,,134.0,4,1,City_026,35370.13,29722.79,Person_1105,3116043226.0,Scorpio,White,Gaming
REC01106,BMW,2018,103337.0,166305.0,Gasoline,Manual,1.29,111.0,4,2,City_009,26342.55,22136.59,Person_1106,3787757094.0,Sagittarius,Purple,Gardening
REC01107,Chevrolet,2015,,119508.0,Diesel,Automatic,2.01,142.0,4,1,City_051,27080.32,22756.57,Person_1107,3929325031.0,Scorpio,Gray,Cooking
REC01108,BMW,2020,,37643.0,Gasoline,Automatic,,146.0,4,1,City_008,44903.56,37734.08,Person_1108,3442457472.0,Capricorn,Green,Music
REC01109,,2024,169260.0,272397.0,Gasoline,Automatic,2.6,140.0,4,2,City_005,27577.18,23174.1,Person_1109,3392261612.0,Taurus,Black,Sports
REC01110,BMW,2010,65901.0,106057.0,Gasoline,Automatic,2.79,169.0,4,3,City_039,33551.04,28194.15,Person_1110,3533958066.0,Capricorn,Orange,Reading
REC01111,Volkswagen,2019,64885.0,104422.0,Diesel,Manual,1.72,,4,1,City_068,28663.95,24087.35,Person_1111,3838195134.0,Aquarius,Blue,Gaming
REC01112,BMW,2019,86393.0,139036.0,Diesel,Automatic,2.35,132.0,4,3,City_040,33711.82,28329.26,Person_1112,3687528224.0,Libra,Purple,Sports
REC01113,Mazda,2018,149205.0,240121.0,Gasoline,Automatic,2.34,127.0,5,2,City_036,27678.71,23259.42,Person_1113,3259256567.0,Aquarius,Red,Music
REC01114,,2016,12810.0,20616.0,Gasoline,Automatic,2.23,,4,1,City_021,34220.09,28756.38,Person_1114,3467602993.0,Leo,Purple,Reading
REC01115,Ford,2006,91039.0,146513.0,Gasoline,Manual,1.66,116.0,4,2,City_026,12913.12,10851.36,Person_1115,3125004134.0,Libra,Red,Travel
REC01116,Ford,2012,163491.0,263112.0,Gasoline,Automatic,1.28,73.0,5,2,City_075,12234.54,10281.13,Person_1116,3134104501.0,Gemini,Yellow,Gaming
REC01117,Kia,2023,85149.0,137034.0,Diesel,Manual,,138.0,4,1,City_056,36906.37,31013.75,Person_1117,3654579920.0,Cancer,Yellow,Cooking
REC01118,Toyota,2018,30587.0,49224.0,Gasoline,Automatic,0.81,82.0,4,3,City_057,21843.68,18356.03,Person_1118,3353994875.0,Libra,Black,Gardening
REC01119,Toyota,2009,55264.0,88939.0,Gasoline,Automatic,1.81,107.0,4,2,City_059,12559.68,10554.35,Person_1119,3880128974.0,Taurus,Blue,Gaming
REC01120,Mazda,2013,88275.0,142065.0,Hybrid,Automatic,,67.0,4,1,City_007,18503.08,15548.81,Person_1120,3427089656.0,Taurus,White,Travel
REC01121,Toyota,2017,133232.0,214416.0,Gasoline,Manual,,,2,4,City_042,13241.05,11126.93,Person_1121,3365437211.0,Aries,White,Music
REC01122,BMW,2013,66427.0,106903.0,Gasoline,Manual,1.39,104.0,5,1,City_013,29971.79,25186.38,Person_1122,3088857238.0,Aries,Orange,Gardening
REC01123,Ford,2018,113066.0,181962.0,Gasoline,Manual,,159.0,4,3,City_079,32387.74,27216.59,Person_1123,3027392575.0,Pisces,Gray,Music
REC01124,BMW,2009,22585.0,36347.0,Hybrid,Automatic,2.48,158.0,5,1,City_034,34842.69,29279.57,Person_1124,3932009955.0,Aries,Red,Photography
REC01125,Chevrolet,2006,22251.0,35810.0,Diesel,Automatic,,111.0,4,2,City_053,16651.76,13993.08,Person_1125,3782213360.0,Virgo,Yellow,Photography
REC01126,Kia,2011,60688.0,97668.0,Gasoline,Automatic,,162.0,4,1,City_046,27589.42,23184.38,Person_1126,3128938150.0,Leo,Blue,Music
REC01127,Ford,2020,,221318.0,Diesel,Automatic,2.62,165.0,2,2,City_057,31570.95,26530.21,Person_1127,3860452591.0,Capricorn,Orange,Music
REC01128,Toyota,2015,82755.0,133181.0,Gasoline,Manual,1.89,129.0,5,1,City_061,22693.28,19069.98,Person_1128,3833786416.0,Scorpio,Yellow,Hiking
REC01129,Hyundai,2015,91592.0,147403.0,Hybrid,Manual,1.03,110.0,4,1,City_056,21355.76,17946.01,Person_1129,3503774906.0,Leo,Orange,Hiking
REC01130,BMW,2016,91123.0,146648.0,Hybrid,Manual,1.85,160.0,4,1,City_029,37006.86,31098.2,Person_1130,3851519635.0,Aries,Blue,Gardening
REC01131,Volkswagen,2017,124368.0,200151.0,Diesel,Automatic,,117.0,4,3,City_014,22847.69,19199.74,Person_1131,3672375484.0,Pisces,Yellow,Music
REC01132,Hyundai,2012,55591.0,89465.0,Diesel,Automatic,1.14,,4,1,City_068,18733.71,15742.61,Person_1132,3453249646.0,Scorpio,Pink,Sports
REC01133,Volkswagen,2020,,173055.0,Gasoline,Automatic,,153.0,4,2,City_071,37523.35,31532.23,Person_1133,3823453567.0,Virgo,Black,Cooking
REC01134,Chevrolet,2005,46765.0,75260.0,Diesel,Automatic,2.2,144.0,4,3,City_013,12878.29,10822.1,Person_1134,3898568456.0,Scorpio,White,Photography
REC01135,Toyota,2017,159331.0,256418.0,Diesel,Manual,2.31,163.0,4,3,City_017,26629.59,22377.81,Person_1135,3378571252.0,Taurus,Gray,Gardening
REC01136,BMW,2015,47984.0,77223.0,Gasoline,Manual,2.2,145.0,5,1,City_029,41801.91,35127.65,Person_1136,3963135766.0,Capricorn,Pink,Reading
REC01137,BMW,2008,900000.0,71945.0,Diesel,Automatic,2.51,159.0,4,3,City_073,31987.35,26880.13,Person_1137,3114543340.0,Scorpio,Pink,Sports
REC01138,Volkswagen,2008,101987.0,164131.0,Hybrid,Automatic,1.87,140.0,4,1,City_002,16400.69,13782.09,Person_1138,3949656454.0,Virgo,Purple,Photography
REC01139,BMW,2019,83192.0,133883.0,Gasoline,Manual,2.14,157.0,4,2,City_062,44338.39,37259.15,Person_1139,3544311454.0,Aries,Blue,Cinema
REC01140,Chevrolet,2007,93074.0,149788.0,Gasoline,Manual,1.72,94.0,5,2,City_020,7207.33,6056.58,Person_1140,3694162491.0,Aries,Purple,Music
REC01141,Honda,2023,89093.0,143380.0,Diesel,Automatic,1.59,95.0,4,1,City_056,28221.05,23715.17,Person_1141,3879423986.0,Capricorn,Pink,Gardening
REC01142,Honda,2006,36384.0,58555.0,Hybrid,Automatic,,180.0,4,1,City_052,28099.85,23613.32,Person_1142,3936852796.0,Pisces,Blue,Hiking
REC01143,Volkswagen,2010,144534.0,232605.0,Hybrid,Manual,0.8,65.0,4,1,City_025,10367.77,8712.41,Person_1143,3636470858.0,Leo,Purple,Music
REC01144,Toyota,2012,115742.0,186268.0,Diesel,Automatic,2.61,160.0,4,1,City_062,29405.43,24710.44,Person_1144,3059793895.0,Libra,Purple,Gaming
REC01145,Volkswagen,2021,134358.0,216228.0,Hybrid,Manual,,113.0,5,3,City_017,19593.48,16465.11,Person_1145,3643485923.0,Cancer,Green,Sports
REC01146,Nissan,2009,58867.0,94737.0,Diesel,Automatic,1.47,116.0,5,1,City_039,15702.18,13195.11,Person_1146,3872211097.0,Capricorn,White,Cinema
REC01147,BMW,2006,96661.0,155560.0,Gasoline,Manual,2.18,166.0,4,3,City_010,23917.43,20098.68,Person_1147,3893195619.0,Leo,Orange,Cooking
REC01148,BMW,2016,87895.0,141453.0,Diesel,Manual,0.96,81.0,4,1,City_059,31861.35,26774.24,Person_1148,3161359313.0,Capricorn,Gray,Cooking
REC01149,Honda,2009,125120.0,201361.0,Gasoline,Manual,1.43,86.0,2,4,City_025,9334.39,7844.03,Person_1149,3287644469.0,Gemini,Orange,Gaming
REC01150,Hyundai,2014,126410.0,203437.0,Gasoline,Manual,1.41,95.0,4,2,City_028,16464.26,13835.51,Person_1150,3076579614.0,Taurus,Green,Cooking
REC01151,Volkswagen,2013,87722.0,141175.0,Gasoline,Automatic,1.85,120.0,4,3,City_076,24119.51,20268.5,Person_1151,3714722032.0,Taurus,White,Reading
REC01152,Toyota,2024,19282.0,31031.0,Gasoline,Automatic,1.44,107.0,4,1,City_061,39121.85,32875.51,Person_1152,3408317154.0,Leo,Blue,Hiking
REC01153,Honda,2012,151186.0,243310.0,Gasoline,Automatic,3.12,197.0,4,2,City_058,23582.44,19817.17,Person_1153,3106351784.0,Cancer,Blue,Hiking
REC01154,Volkswagen,2005,102239.0,164538.0,Gasoline,Automatic,3.26,230.0,5,1,City_044,18776.32,15778.42,Person_1154,3900107547.0,Taurus,Orange,Travel
REC01155,Ford,2010,55663.0,89580.0,Gasoline,Manual,,57.0,4,1,City_023,8880.83,7462.88,Person_1155,3870141785.0,Leo,Gray,Gaming
REC01156,Toyota,2015,96262.0,154918.0,Gasoline,Manual,2.38,157.0,4,2,City_078,26857.62,22569.43,Person_1156,3177385733.0,Capricorn,Black,Gaming
REC01157,Toyota,2007,19556.0,31473.0,Gasoline,Automatic,2.6,2000.0,2,2,City_017,26769.61,22495.47,Person_1157,3760415067.0,Sagittarius,Black,Cooking
REC01158,Mazda,2019,122214.0,196684.0,Diesel,Automatic,2.38,142.0,4,1,City_079,29636.03,24904.23,Person_1158,3013656427.0,Scorpio,Yellow,Reading
REC01159,Hyundai,2015,21152.0,34040.0,Hybrid,Manual,1.54,107.0,4,2,City_038,24631.29,20698.56,Person_1159,3393132030.0,Sagittarius,Gray,Gaming
REC01160,,2009,71167.0,114531.0,Hybrid,Automatic,1.83,106.0,4,2,City_030,15198.65,12771.98,Person_1160,3037566446.0,Sagittarius,Yellow,Hiking
REC01161,Toyota,2020,89778.0,144484.0,Gasoline,Automatic,1.48,102.0,4,1,City_019,29314.16,24633.75,Person_1161,3717659656.0,Scorpio,Orange,Music
REC01162,Mazda,2011,121554.0,195621.0,Diesel,Manual,1.71,102.0,4,2,City_032,21518.2,18082.52,Person_1162,3376172380.0,Sagittarius,Green,Cooking
REC01163,BMW,2010,,135606.0,Gasoline,Automatic,1.15,99.0,4,2,City_020,18486.21,15534.63,Person_1163,3779757665.0,Cancer,Green,Hiking
REC01164,Volkswagen,2013,105399.0,169622.0,Gasoline,Automatic,1.92,128.0,5,1,City_064,22254.24,18701.04,Person_1164,3284357643.0,Scorpio,Orange,Cooking
REC01165,Kia,2011,78873.0,126934.0,Diesel,Manual,0.95,58.0,4,2,City_036,11321.35,9513.74,Person_1165,3193080079.0,Taurus,Green,Gardening
REC01166,Kia,2007,78713.0,126675.0,Diesel,Manual,1.86,135.0,5,2,City_065,12341.76,10371.23,Person_1166,3244134470.0,Sagittarius,Blue,Reading
REC01167,Hyundai,2015,83419.0,134250.0,Hybrid,Automatic,1.13,85.0,5,3,City_043,14801.53,12438.26,Person_1167,3500011934.0,Sagittarius,Black,Music
REC01168,BMW,2016,72438.0,116577.0,Diesel,Manual,2.14,152.0,5,1,City_026,39393.51,33103.79,Person_1168,3352951712.0,Aquarius,Green,Cooking
REC01169,Toyota,2015,12537.0,20177.0,Gasoline,Manual,1.52,87.0,5,3,City_007,24022.57,20187.03,Person_1169,3554757620.0,Gemini,White,Music
REC01170,BMW,2006,49267.0,79287.0,Hybrid,Automatic,,147.0,2,1,City_034,34102.24,28657.34,Person_1170,3405272710.0,Virgo,Purple,Travel
REC01171,Mazda,2005,89791.0,144504.0,Diesel,Automatic,2.76,183.0,5,1,City_036,20768.74,17452.72,Person_1171,3004430082.0,Pisces,Green,Hiking
REC01172,,2006,70035.0,112710.0,Hybrid,Manual,3.11,185.0,3,1,City_006,18538.17,15578.29,Person_1172,3366437267.0,Libra,Pink,Music
REC01173,Chevrolet,2018,73768.0,118717.0,Diesel,Automatic,0.8,50.0,2,3,City_037,18152.11,15253.87,Person_1173,3121027076.0,Gemini,Gray,Travel
REC01174,Nissan,2017,67066.0,107932.0,Gasoline,Automatic,1.42,97.0,2,2,City_062,19613.53,16481.96,Person_1174,3680277954.0,Leo,Red,Gardening
REC01175,Chevrolet,2009,45456.0,73154.0,Gasoline,Manual,1.79,137.0,4,1,City_073,17974.34,15104.48,Person_1175,3090392302.0,Aries,Purple,Gaming
REC01176,Toyota,2006,60276.0,97005.0,Gasoline,Automatic,2.32,165.0,4,1,City_060,22646.17,19030.39,Person_1176,3581258533.0,Aquarius,Yellow,Gardening
REC01177,BMW,2023,67727.0,108995.0,Gasoline,Automatic,0.84,60.0,4,1,City_064,37472.7,31489.66,Person_1177,3244866894.0,Gemini,Purple,Photography
REC01178,Chevrolet,2021,,129078.0,Gasoline,Manual,1.31,73.0,2,1,City_050,28631.1,24059.75,Person_1178,3521748066.0,Pisces,Pink,Gaming
REC01179,Volkswagen,2015,95735.0,154070.0,Gasoline,Automatic,2.09,129.0,4,2,City_052,22903.97,19247.03,Person_1179,3399799735.0,Scorpio,Pink,Music
REC01180,Chevrolet,2020,72778.0,117125.0,Hybrid,Automatic,2.06,126.0,4,2,City_017,31967.45,26863.4,Person_1180,3070459542.0,Gemini,Red,Cooking
REC01181,Mazda,2024,38814.0,62465.0,Hybrid,Automatic,2.26,151.0,4,3,City_060,34181.77,28724.17,Person_1181,3356103648.0,Scorpio,Gray,Cooking
REC01182,Chevrolet,2022,24077.0,38748.0,Diesel,Automatic,2.31,146.0,4,4,City_077,35968.14,30225.33,Person_1182,3194747649.0,Sagittarius,Yellow,Photography
REC01183,Volkswagen,2024,183897.0,295954.0,Gasoline,Automatic,2.24,132.0,4,2,City_054,29949.58,25167.71,Person_1183,3540930915.0,Virgo,Purple,Reading
REC01184,,2012,34807.0,56017.0,Gasoline,Manual,2.14,154.0,4,1,City_010,26167.98,21989.9,Person_1184,3948710548.0,Libra,Gray,Cinema
REC01185,Nissan,2006,59255.0,95361.0,Diesel,Automatic,2.04,134.0,4,1,City_025,19310.93,16227.67,Person_1185,3784829389.0,Virgo,White,Sports
REC01186,Volkswagen,2021,100680.0,162028.0,Gasoline,Automatic,2.47,162.0,4,2,City_018,32102.0,26976.47,Person_1186,3532648077.0,Scorpio,Pink,Cinema
REC01187,BMW,2015,94434.0,151977.0,Hybrid,Automatic,0.8,,4,1,City_064,32145.34,27012.89,Person_1187,3002070778.0,Libra,Purple,Cinema
REC01188,Ford,2018,100835.0,162277.0,Hybrid,Automatic,3.08,153.0,4,2,City_079,31423.74,26406.51,Person_1188,3213007293.0,Capricorn,Green,Music
REC01189,Toyota,2020,62291.0,100248.0,Gasoline,Automatic,0.8,50.0,4,4,City_059,19878.14,16704.32,Person_1189,3338087657.0,Aries,Purple,Photography
REC01190,Hyundai,2019,89542.0,144104.0,Diesel,Automatic,1.24,81.0,4,3,City_027,21162.14,17783.31,Person_1190,3616706954.0,Gemini,Gray,Music
REC01191,Kia,2019,82454.0,132696.0,Gasoline,Manual,1.84,130.0,5,1,City_058,31665.4,26609.58,Person_1191,3936491651.0,Gemini,Black,Gardening
REC01192,BMW,2007,67515.0,108654.0,Diesel,Manual,2.47,121.0,4,1,City_061,31507.32,26476.74,Person_1192,3717317166.0,Gemini,Blue,Gardening
REC01193,Chevrolet,2011,89816.0,144545.0,Gasoline,Manual,0.8,88.0,4,3,City_079,12421.76,10438.45,Person_1193,3594996595.0,Cancer,Gray,Music
REC01194,Kia,2016,122215.0,196685.0,Gasoline,Manual,1.98,131.0,4,3,City_071,18602.23,15632.12,Person_1194,3731476061.0,Aries,Green,Cooking
REC01195,Kia,2007,79112.0,127318.0,Diesel,Automatic,2.55,181.0,2,1,City_043,19758.47,16603.76,Person_1195,3263144184.0,Aquarius,White,Photography
REC01196,Volkswagen,2023,79378.0,127746.0,Diesel,Manual,2.7,155.0,5,2,City_080,34872.77,29304.85,Person_1196,3607949155.0,Taurus,White,Reading
REC01197,Honda,2014,122726.0,197509.0,Diesel,Manual,1.51,111.0,4,2,City_011,23170.92,19471.36,Person_1197,3877105683.0,Pisces,Purple,Music
REC01198,Ford,2012,118454.0,190633.0,Gasoline,Manual,1.79,120.0,4,1,City_005,19394.32,16297.75,Person_1198,3915442355.0,Leo,White,Reading
REC01199,Ford,2020,143357.0,230711.0,Diesel,Automatic,1.57,119.0,4,1,City_058,24090.21,20243.88,Person_1199,3043834639.0,Aquarius,Pink,Sports
REC01200,Honda,2020,9751.0,15692.0,Diesel,Automatic,1.73,111.0,4,3,City_039,24247.43,20376.0,Person_1200,3736864225.0,Virgo,Black,Photography
